file,total_samples,duration_us,clock_frequency_khz,clock_period_us,frame_length_bits,command,expected_response,observed_response,response_match,bit_order_error,miso_stuck_high,miso_stuck_low,clock_glitch,response_delay_us,timeout_detected,miso_transition_count,mosi_transition_count,failure_type
capture_0001.csv,16,75.0,100.0,10.0,0,0x0A,0xAA,,0,0,0,0,0,,0,0,4,MISSING_ACK
capture_0002.csv,30,145.0,100.0,10.0,7,0x05,0xAA,,0,0,0,0,0,0.0,0,7,3,FRAME_LENGTH_ERROR
capture_0003.csv,32,775.0,20.0,50.0,8,0x05,0xAA,0xAA,1,0,0,0,0,0.0,0,8,3,CLOCK_TOO_SLOW
capture_0004.csv,32,147.5,100.0,10.0,8,0x06,0xAA,0xAA,1,0,0,0,1,0.0,0,8,2,GLITCHED_CLOCK
capture_0005.csv,40,253.247,77.00007700007703,12.986999999999995,12,0x05,0xAA,0xFF,0,0,0,0,0,0.0,1,0,3,SPI_TIMEOUT
capture_0006.csv,32,62.0,250.0,4.0,8,0x06,0xAA,0x33,0,0,0,0,0,0.0,0,3,2,WRONG_RESPONSE
capture_0007.csv,16,75.0,100.0,10.0,0,0x0A,0xAA,,0,0,0,0,0,,0,0,4,MISSING_ACK
capture_0008.csv,32,191.558,77.00007700007703,12.986999999999995,8,0x0A,0xAA,0xAA,1,0,0,0,1,0.0,0,8,4,GLITCHED_CLOCK
capture_0009.csv,32,59.0,250.0,4.0,8,0x0A,0xAA,0xAA,1,0,0,0,1,0.0,0,8,4,GLITCHED_CLOCK
capture_0010.csv,32,155.0,100.0,10.0,8,0x06,0xAA,0xAA,1,0,0,0,0,0.0,0,8,2,NORMAL
capture_0011.csv,32,155.0,100.0,10.0,8,0x0A,0xAA,0x55,0,1,0,0,0,0.0,0,7,4,BIT_ORDER_ERROR
capture_0012.csv,32,201.299,77.00007700007701,12.986999999999998,8,0x0A,0xAA,0x55,0,1,0,0,0,0.0,0,7,4,BIT_ORDER_ERROR
capture_0013.csv,32,62.0,250.0,4.0,8,0x0A,0xAA,0xAA,1,0,0,0,0,0.0,0,8,4,NORMAL
capture_0014.csv,32,155.0,100.0,10.0,8,0x06,0xAA,0x55,0,1,0,0,0,0.0,0,7,2,BIT_ORDER_ERROR
capture_0015.csv,32,112.0,250.0,4.0,8,0x06,0xAA,0xAA,1,0,0,0,0,50.0,0,8,2,DELAYED_RESPONSE
capture_0016.csv,32,185.0,100.0,10.0,8,0x05,0xAA,0xAA,1,0,0,0,0,30.0,0,8,3,DELAYED_RESPONSE
capture_0017.csv,32,62.0,250.0,4.0,8,0x06,0xAA,0xFF,0,0,1,0,0,0.0,0,0,2,MISO_STUCK_HIGH
capture_0018.csv,32,201.299,77.00007700007701,12.986999999999998,8,0x06,0xAA,0xFF,0,0,1,0,0,0.0,0,0,2,MISO_STUCK_HIGH
capture_0019.csv,32,155.0,100.0,10.0,8,0x06,0xAA,0x33,0,0,0,0,0,0.0,0,3,2,WRONG_RESPONSE
capture_0020.csv,32,3100.0,5.0,200.0,8,0x05,0xAA,0xAA,1,0,0,0,0,0.0,0,8,3,CLOCK_TOO_SLOW
capture_0021.csv,32,155.0,100.0,10.0,8,0x05,0xAA,0xFF,0,0,1,0,0,0.0,0,0,3,MISO_STUCK_HIGH
capture_0022.csv,36,175.0,100.0,10.0,10,0x0A,0xAA,0xAA,1,0,0,0,0,0.0,0,10,4,FRAME_LENGTH_ERROR
capture_0023.csv,32,775.0,20.0,50.0,8,0x0A,0xAA,0xAA,1,0,0,0,0,0.0,0,8,4,CLOCK_TOO_SLOW
capture_0024.csv,32,1550.0,10.0,100.0,8,0x05,0xAA,0xAA,1,0,0,0,0,0.0,0,8,3,CLOCK_TOO_SLOW
capture_0025.csv,32,62.0,250.0,4.0,8,0x0A,0xAA,0x00,0,0,0,1,0,0.0,0,1,4,MISO_STUCK_LOW
capture_0026.csv,32,201.299,77.00007700007701,12.986999999999998,8,0x05,0xAA,0xAA,1,0,0,0,0,0.0,0,8,3,NORMAL
capture_0027.csv,32,59.0,250.0,4.0,8,0x05,0xAA,0xAA,1,0,0,0,1,0.0,0,8,3,GLITCHED_CLOCK
capture_0028.csv,32,59.0,250.0,4.0,8,0x0A,0xAA,0xAA,1,0,0,0,1,0.0,0,8,4,GLITCHED_CLOCK
capture_0029.csv,40,253.247,77.00007700007703,12.986999999999995,12,0x05,0xAA,0xFF,0,0,0,0,0,0.0,1,0,3,SPI_TIMEOUT
capture_0030.csv,32,155.0,100.0,10.0,8,0x0A,0xAA,0x33,0,0,0,0,0,0.0,0,3,4,WRONG_RESPONSE
capture_0031.csv,16,75.0,100.0,10.0,0,0x0A,0xAA,,0,0,0,0,0,,0,0,4,MISSING_ACK
capture_0032.csv,32,201.299,77.00007700007701,12.986999999999998,8,0x0A,0xAA,0x33,0,0,0,0,0,0.0,0,3,4,WRONG_RESPONSE
capture_0033.csv,32,775.0,20.0,50.0,8,0x0A,0xAA,0xAA,1,0,0,0,0,0.0,0,8,4,CLOCK_TOO_SLOW
capture_0034.csv,32,201.299,77.00007700007701,12.986999999999998,8,0x0A,0xAA,0x00,0,0,0,1,0,0.0,0,1,4,MISO_STUCK_LOW
capture_0035.csv,32,155.0,100.0,10.0,8,0x06,0xAA,0x33,0,0,0,0,0,0.0,0,3,2,WRONG_RESPONSE
capture_0036.csv,32,155.0,100.0,10.0,8,0x06,0xAA,0x33,0,0,0,0,0,0.0,0,3,2,WRONG_RESPONSE
capture_0037.csv,32,775.0,20.0,50.0,8,0x05,0xAA,0xAA,1,0,0,0,0,0.0,0,8,3,CLOCK_TOO_SLOW
capture_0038.csv,32,20.667,750.1875468867215,1.3330000000000002,8,0x0A,0xAA,0xAA,1,0,0,0,0,0.0,0,8,4,CLOCK_TOO_FAST
capture_0039.csv,32,775.0,20.0,50.0,8,0x06,0xAA,0xAA,1,0,0,0,0,0.0,0,8,2,CLOCK_TOO_SLOW
capture_0040.csv,32,62.0,250.0,4.0,8,0x06,0xAA,0x55,0,1,0,0,0,0.0,0,7,2,BIT_ORDER_ERROR
capture_0041.csv,32,59.0,250.0,4.0,8,0x05,0xAA,0xAA,1,0,0,0,1,0.0,0,8,3,GLITCHED_CLOCK
capture_0042.csv,40,78.0,250.0,4.0,12,0x0A,0xAA,0xFF,0,0,0,0,0,0.0,1,0,4,SPI_TIMEOUT
capture_0043.csv,36,175.0,100.0,10.0,10,0x06,0xAA,0xAA,1,0,0,0,0,0.0,0,10,2,FRAME_LENGTH_ERROR
capture_0044.csv,32,31.0,500.0,2.0,8,0x05,0xAA,0xAA,1,0,0,0,0,0.0,0,8,3,CLOCK_TOO_FAST
capture_0045.csv,32,62.0,250.0,4.0,8,0x0A,0xAA,0xAA,1,0,0,0,0,0.0,0,8,4,NORMAL
capture_0046.csv,32,62.0,250.0,4.0,8,0x0A,0xAA,0xFF,0,0,1,0,0,0.0,0,0,4,MISO_STUCK_HIGH
capture_0047.csv,32,62.0,250.0,4.0,8,0x05,0xAA,0x33,0,0,0,0,0,0.0,0,3,3,WRONG_RESPONSE
capture_0048.csv,32,155.0,100.0,10.0,8,0x06,0xAA,0x33,0,0,0,0,0,0.0,0,3,2,WRONG_RESPONSE
capture_0049.csv,32,31.0,500.0,2.0,8,0x0A,0xAA,0xAA,1,0,0,0,0,0.0,0,8,4,CLOCK_TOO_FAST
capture_0050.csv,28,54.0,250.0,4.0,6,0x0A,0xAA,,0,0,0,0,0,0.0,0,6,4,FRAME_LENGTH_ERROR
capture_0051.csv,32,62.0,250.0,4.0,8,0x05,0xAA,0xFF,0,0,1,0,0,0.0,0,0,3,MISO_STUCK_HIGH
capture_0052.csv,32,201.299,77.00007700007701,12.986999999999998,8,0x05,0xAA,0x33,0,0,0,0,0,0.0,0,3,3,WRONG_RESPONSE
capture_0053.csv,28,135.0,100.0,10.0,6,0x0A,0xAA,,0,0,0,0,0,0.0,0,6,4,FRAME_LENGTH_ERROR
capture_0054.csv,32,155.0,100.0,10.0,8,0x0A,0xAA,0x55,0,1,0,0,0,0.0,0,7,4,BIT_ORDER_ERROR
capture_0055.csv,32,147.5,100.0,10.0,8,0x06,0xAA,0xAA,1,0,0,0,1,0.0,0,8,2,GLITCHED_CLOCK
capture_0056.csv,16,30.0,250.0,4.0,0,0x05,0xAA,,0,0,0,0,0,,0,0,3,MISSING_ACK
capture_0057.csv,28,54.0,250.0,4.0,6,0x0A,0xAA,,0,0,0,0,0,0.0,0,6,4,FRAME_LENGTH_ERROR
capture_0058.csv,32,62.0,250.0,4.0,8,0x0A,0xAA,0x00,0,0,0,1,0,0.0,0,1,4,MISO_STUCK_LOW
capture_0059.csv,32,155.0,100.0,10.0,8,0x0A,0xAA,0x00,0,0,0,1,0,0.0,0,1,4,MISO_STUCK_LOW
capture_0060.csv,32,155.0,100.0,10.0,8,0x06,0xAA,0xAA,1,0,0,0,0,0.0,0,8,2,NORMAL
capture_0061.csv,32,62.0,250.0,4.0,8,0x05,0xAA,0x00,0,0,0,1,0,0.0,0,1,3,MISO_STUCK_LOW
capture_0062.csv,32,112.0,250.0,4.0,8,0x05,0xAA,0xAA,1,0,0,0,0,50.0,0,8,3,DELAYED_RESPONSE
capture_0063.csv,32,251.299,77.000077000077,12.987,8,0x0A,0xAA,0xAA,1,0,0,0,0,49.99999999999998,0,8,4,DELAYED_RESPONSE
capture_0064.csv,32,155.0,100.0,10.0,8,0x0A,0xAA,0xAA,1,0,0,0,0,0.0,0,8,4,NORMAL
capture_0065.csv,32,62.0,250.0,4.0,8,0x0A,0xAA,0x33,0,0,0,0,0,0.0,0,3,4,WRONG_RESPONSE
capture_0066.csv,32,1550.0,10.0,100.0,8,0x06,0xAA,0xAA,1,0,0,0,0,0.0,0,8,2,CLOCK_TOO_SLOW
capture_0067.csv,32,231.299,77.000077000077,12.987,8,0x05,0xAA,0xAA,1,0,0,0,0,29.99999999999998,0,8,3,DELAYED_RESPONSE
capture_0068.csv,32,147.5,100.0,10.0,8,0x05,0xAA,0xAA,1,0,0,0,1,0.0,0,8,3,GLITCHED_CLOCK
capture_0069.csv,32,142.0,250.0,4.0,8,0x06,0xAA,0xAA,1,0,0,0,0,80.0,0,8,2,DELAYED_RESPONSE
capture_0070.csv,32,1550.0,10.0,100.0,8,0x05,0xAA,0xAA,1,0,0,0,0,0.0,0,8,3,CLOCK_TOO_SLOW
capture_0071.csv,32,3100.0,5.0,200.0,8,0x0A,0xAA,0xAA,1,0,0,0,0,0.0,0,8,4,CLOCK_TOO_SLOW
capture_0072.csv,32,31.0,500.0,2.0,8,0x0A,0xAA,0xAA,1,0,0,0,0,0.0,0,8,4,CLOCK_TOO_FAST
capture_0073.csv,32,62.0,250.0,4.0,8,0x05,0xAA,0xFF,0,0,1,0,0,0.0,0,0,3,MISO_STUCK_HIGH
capture_0074.csv,32,62.0,250.0,4.0,8,0x06,0xAA,0xFF,0,0,1,0,0,0.0,0,0,2,MISO_STUCK_HIGH
capture_0075.csv,32,281.299,77.000077000077,12.987,8,0x06,0xAA,0xAA,1,0,0,0,0,79.99999999999999,0,8,2,DELAYED_RESPONSE
capture_0076.csv,32,62.0,250.0,4.0,8,0x06,0xAA,0xAA,1,0,0,0,0,0.0,0,8,2,NORMAL
capture_0077.csv,32,155.0,100.0,10.0,8,0x06,0xAA,0x00,0,0,0,1,0,0.0,0,1,2,MISO_STUCK_LOW
capture_0078.csv,32,1550.0,10.0,100.0,8,0x0A,0xAA,0xAA,1,0,0,0,0,0.0,0,8,4,CLOCK_TOO_SLOW
capture_0079.csv,28,175.325,77.00007700007701,12.986999999999998,6,0x05,0xAA,,0,0,0,0,0,0.0,0,6,3,FRAME_LENGTH_ERROR
capture_0080.csv,32,147.5,100.0,10.0,8,0x05,0xAA,0xAA,1,0,0,0,1,0.0,0,8,3,GLITCHED_CLOCK
capture_0081.csv,32,1550.0,10.0,100.0,8,0x05,0xAA,0xAA,1,0,0,0,0,0.0,0,8,3,CLOCK_TOO_SLOW
capture_0082.csv,40,78.0,250.0,4.0,12,0x0A,0xAA,0xFF,0,0,0,0,0,0.0,1,0,4,SPI_TIMEOUT
capture_0083.csv,32,155.0,100.0,10.0,8,0x05,0xAA,0x55,0,1,0,0,0,0.0,0,7,3,BIT_ORDER_ERROR
capture_0084.csv,32,201.299,77.00007700007701,12.986999999999998,8,0x06,0xAA,0xFF,0,0,1,0,0,0.0,0,0,2,MISO_STUCK_HIGH
capture_0085.csv,32,155.0,100.0,10.0,8,0x06,0xAA,0xAA,1,0,0,0,0,0.0,0,8,2,NORMAL
capture_0086.csv,32,31.0,500.0,2.0,8,0x06,0xAA,0xAA,1,0,0,0,0,0.0,0,8,2,CLOCK_TOO_FAST
capture_0087.csv,40,78.0,250.0,4.0,12,0x05,0xAA,0xFF,0,0,0,0,0,0.0,1,0,3,SPI_TIMEOUT
capture_0088.csv,32,62.0,250.0,4.0,8,0x0A,0xAA,0xAA,1,0,0,0,0,0.0,0,8,4,NORMAL
capture_0089.csv,32,112.0,250.0,4.0,8,0x06,0xAA,0xAA,1,0,0,0,0,50.0,0,8,2,DELAYED_RESPONSE
capture_0090.csv,16,97.403,77.000077000077,12.987,0,0x0A,0xAA,,0,0,0,0,0,,0,0,4,MISSING_ACK
capture_0091.csv,16,97.403,77.000077000077,12.987,0,0x05,0xAA,,0,0,0,0,0,,0,0,3,MISSING_ACK
capture_0092.csv,16,30.0,250.0,4.0,0,0x0A,0xAA,,0,0,0,0,0,,0,0,4,MISSING_ACK
capture_0093.csv,32,281.299,77.000077000077,12.987,8,0x06,0xAA,0xAA,1,0,0,0,0,79.99999999999999,0,8,2,DELAYED_RESPONSE
capture_0094.csv,32,155.0,100.0,10.0,8,0x06,0xAA,0x55,0,1,0,0,0,0.0,0,7,2,BIT_ORDER_ERROR
capture_0095.csv,32,31.0,500.0,2.0,8,0x0A,0xAA,0xAA,1,0,0,0,0,0.0,0,8,4,CLOCK_TOO_FAST
capture_0096.csv,32,155.0,100.0,10.0,8,0x06,0xAA,0x55,0,1,0,0,0,0.0,0,7,2,BIT_ORDER_ERROR
capture_0097.csv,32,205.0,100.0,10.0,8,0x06,0xAA,0xAA,1,0,0,0,0,50.0,0,8,2,DELAYED_RESPONSE
capture_0098.csv,32,62.0,250.0,4.0,8,0x05,0xAA,0xAA,1,0,0,0,0,0.0,0,8,3,NORMAL
capture_0099.csv,32,59.0,250.0,4.0,8,0x05,0xAA,0xAA,1,0,0,0,1,0.0,0,8,3,GLITCHED_CLOCK
capture_0100.csv,32,155.0,100.0,10.0,8,0x06,0xAA,0x00,0,0,0,1,0,0.0,0,1,2,MISO_STUCK_LOW
capture_0101.csv,16,30.0,250.0,4.0,0,0x0A,0xAA,,0,0,0,0,0,,0,0,4,MISSING_ACK
capture_0102.csv,32,201.299,77.00007700007701,12.986999999999998,8,0x05,0xAA,0x33,0,0,0,0,0,0.0,0,3,3,WRONG_RESPONSE
capture_0103.csv,32,59.0,250.0,4.0,8,0x06,0xAA,0xAA,1,0,0,0,1,0.0,0,8,2,GLITCHED_CLOCK
capture_0104.csv,32,155.0,100.0,10.0,8,0x05,0xAA,0xFF,0,0,1,0,0,0.0,0,0,3,MISO_STUCK_HIGH
capture_0105.csv,32,112.0,250.0,4.0,8,0x0A,0xAA,0xAA,1,0,0,0,0,50.0,0,8,4,DELAYED_RESPONSE
capture_0106.csv,30,188.312,77.00007700007701,12.986999999999998,7,0x05,0xAA,,0,0,0,0,0,0.0,0,7,3,FRAME_LENGTH_ERROR
capture_0107.csv,32,31.0,500.0,2.0,8,0x05,0xAA,0xAA,1,0,0,0,0,0.0,0,8,3,CLOCK_TOO_FAST
capture_0108.csv,32,201.299,77.00007700007701,12.986999999999998,8,0x05,0xAA,0x00,0,0,0,1,0,0.0,0,1,3,MISO_STUCK_LOW
capture_0109.csv,32,201.299,77.00007700007701,12.986999999999998,8,0x06,0xAA,0x00,0,0,0,1,0,0.0,0,1,2,MISO_STUCK_LOW
capture_0110.csv,32,201.299,77.00007700007701,12.986999999999998,8,0x05,0xAA,0x00,0,0,0,1,0,0.0,0,1,3,MISO_STUCK_LOW
capture_0111.csv,32,62.0,250.0,4.0,8,0x0A,0xAA,0xFF,0,0,1,0,0,0.0,0,0,4,MISO_STUCK_HIGH
capture_0112.csv,32,59.0,250.0,4.0,8,0x0A,0xAA,0xAA,1,0,0,0,1,0.0,0,8,4,GLITCHED_CLOCK
capture_0113.csv,32,201.299,77.00007700007701,12.986999999999998,8,0x05,0xAA,0x55,0,1,0,0,0,0.0,0,7,3,BIT_ORDER_ERROR
capture_0114.csv,32,281.299,77.000077000077,12.987,8,0x0A,0xAA,0xAA,1,0,0,0,0,79.99999999999999,0,8,4,DELAYED_RESPONSE
capture_0115.csv,32,775.0,20.0,50.0,8,0x05,0xAA,0xAA,1,0,0,0,0,0.0,0,8,3,CLOCK_TOO_SLOW
capture_0116.csv,32,31.0,500.0,2.0,8,0x06,0xAA,0xAA,1,0,0,0,0,0.0,0,8,2,CLOCK_TOO_FAST
capture_0117.csv,32,185.0,100.0,10.0,8,0x0A,0xAA,0xAA,1,0,0,0,0,30.0,0,8,4,DELAYED_RESPONSE
capture_0118.csv,32,155.0,100.0,10.0,8,0x06,0xAA,0x55,0,1,0,0,0,0.0,0,7,2,BIT_ORDER_ERROR
capture_0119.csv,36,175.0,100.0,10.0,10,0x06,0xAA,0xAA,1,0,0,0,0,0.0,0,10,2,FRAME_LENGTH_ERROR
capture_0120.csv,32,62.0,250.0,4.0,8,0x06,0xAA,0xFF,0,0,1,0,0,0.0,0,0,2,MISO_STUCK_HIGH
capture_0121.csv,36,70.0,250.0,4.0,10,0x05,0xAA,0xAA,1,0,0,0,0,0.0,0,10,3,FRAME_LENGTH_ERROR
capture_0122.csv,32,201.299,77.00007700007701,12.986999999999998,8,0x0A,0xAA,0xAA,1,0,0,0,0,0.0,0,8,4,NORMAL
capture_0123.csv,32,31.0,500.0,2.0,8,0x0A,0xAA,0xAA,1,0,0,0,0,0.0,0,8,4,CLOCK_TOO_FAST
capture_0124.csv,32,191.558,77.00007700007703,12.986999999999995,8,0x06,0xAA,0xAA,1,0,0,0,1,0.0,0,8,2,GLITCHED_CLOCK
capture_0125.csv,32,155.0,100.0,10.0,8,0x05,0xAA,0xFF,0,0,1,0,0,0.0,0,0,3,MISO_STUCK_HIGH
capture_0126.csv,32,62.0,250.0,4.0,8,0x05,0xAA,0xFF,0,0,1,0,0,0.0,0,0,3,MISO_STUCK_HIGH
capture_0127.csv,32,201.299,77.00007700007701,12.986999999999998,8,0x0A,0xAA,0xAA,1,0,0,0,0,0.0,0,8,4,NORMAL
capture_0128.csv,16,30.0,250.0,4.0,0,0x0A,0xAA,,0,0,0,0,0,,0,0,4,MISSING_ACK
capture_0129.csv,32,62.0,250.0,4.0,8,0x06,0xAA,0x33,0,0,0,0,0,0.0,0,3,2,WRONG_RESPONSE
capture_0130.csv,32,62.0,250.0,4.0,8,0x0A,0xAA,0x55,0,1,0,0,0,0.0,0,7,4,BIT_ORDER_ERROR
capture_0131.csv,32,155.0,100.0,10.0,8,0x05,0xAA,0x00,0,0,0,1,0,0.0,0,1,3,MISO_STUCK_LOW
capture_0132.csv,32,201.299,77.00007700007701,12.986999999999998,8,0x06,0xAA,0xFF,0,0,1,0,0,0.0,0,0,2,MISO_STUCK_HIGH
capture_0133.csv,32,155.0,100.0,10.0,8,0x05,0xAA,0xAA,1,0,0,0,0,0.0,0,8,3,NORMAL
capture_0134.csv,36,175.0,100.0,10.0,10,0x05,0xAA,0xAA,1,0,0,0,0,0.0,0,10,3,FRAME_LENGTH_ERROR
capture_0135.csv,40,195.0,100.0,10.0,12,0x06,0xAA,0xFF,0,0,0,0,0,0.0,1,0,2,SPI_TIMEOUT
capture_0136.csv,32,62.0,250.0,4.0,8,0x0A,0xAA,0xFF,0,0,1,0,0,0.0,0,0,4,MISO_STUCK_HIGH
capture_0137.csv,32,231.299,77.000077000077,12.987,8,0x0A,0xAA,0xAA,1,0,0,0,0,29.99999999999998,0,8,4,DELAYED_RESPONSE
capture_0138.csv,32,201.299,77.00007700007701,12.986999999999998,8,0x05,0xAA,0x00,0,0,0,1,0,0.0,0,1,3,MISO_STUCK_LOW
capture_0139.csv,34,165.0,100.0,10.0,9,0x05,0xAA,0xAA,1,0,0,0,0,0.0,0,9,3,FRAME_LENGTH_ERROR
capture_0140.csv,32,20.667,750.1875468867215,1.3330000000000002,8,0x05,0xAA,0xAA,1,0,0,0,0,0.0,0,8,3,CLOCK_TOO_FAST
capture_0141.csv,32,201.299,77.00007700007701,12.986999999999998,8,0x0A,0xAA,0x55,0,1,0,0,0,0.0,0,7,4,BIT_ORDER_ERROR
capture_0142.csv,32,155.0,100.0,10.0,8,0x0A,0xAA,0x00,0,0,0,1,0,0.0,0,1,4,MISO_STUCK_LOW
capture_0143.csv,32,20.667,750.1875468867215,1.3330000000000002,8,0x0A,0xAA,0xAA,1,0,0,0,0,0.0,0,8,4,CLOCK_TOO_FAST
capture_0144.csv,32,231.299,77.000077000077,12.987,8,0x0A,0xAA,0xAA,1,0,0,0,0,29.99999999999998,0,8,4,DELAYED_RESPONSE
capture_0145.csv,32,201.299,77.00007700007701,12.986999999999998,8,0x06,0xAA,0x00,0,0,0,1,0,0.0,0,1,2,MISO_STUCK_LOW
capture_0146.csv,32,1550.0,10.0,100.0,8,0x06,0xAA,0xAA,1,0,0,0,0,0.0,0,8,2,CLOCK_TOO_SLOW
capture_0147.csv,40,78.0,250.0,4.0,12,0x05,0xAA,0xFF,0,0,0,0,0,0.0,1,0,3,SPI_TIMEOUT
capture_0148.csv,16,30.0,250.0,4.0,0,0x05,0xAA,,0,0,0,0,0,,0,0,3,MISSING_ACK
capture_0149.csv,32,191.558,77.00007700007703,12.986999999999995,8,0x06,0xAA,0xAA,1,0,0,0,1,0.0,0,8,2,GLITCHED_CLOCK
capture_0150.csv,40,78.0,250.0,4.0,12,0x05,0xAA,0xFF,0,0,0,0,0,0.0,1,0,3,SPI_TIMEOUT
capture_0151.csv,32,201.299,77.00007700007701,12.986999999999998,8,0x06,0xAA,0xAA,1,0,0,0,0,0.0,0,8,2,NORMAL
capture_0152.csv,32,155.0,100.0,10.0,8,0x06,0xAA,0xFF,0,0,1,0,0,0.0,0,0,2,MISO_STUCK_HIGH
capture_0153.csv,32,155.0,100.0,10.0,8,0x06,0xAA,0xAA,1,0,0,0,0,0.0,0,8,2,NORMAL
capture_0154.csv,32,62.0,250.0,4.0,8,0x06,0xAA,0x33,0,0,0,0,0,0.0,0,3,2,WRONG_RESPONSE
capture_0155.csv,32,281.299,77.000077000077,12.987,8,0x0A,0xAA,0xAA,1,0,0,0,0,79.99999999999999,0,8,4,DELAYED_RESPONSE
capture_0156.csv,32,92.0,250.0,4.0,8,0x06,0xAA,0xAA,1,0,0,0,0,30.0,0,8,2,DELAYED_RESPONSE
capture_0157.csv,32,155.0,100.0,10.0,8,0x05,0xAA,0x00,0,0,0,1,0,0.0,0,1,3,MISO_STUCK_LOW
capture_0158.csv,32,155.0,100.0,10.0,8,0x05,0xAA,0x00,0,0,0,1,0,0.0,0,1,3,MISO_STUCK_LOW
capture_0159.csv,32,201.299,77.00007700007701,12.986999999999998,8,0x0A,0xAA,0xFF,0,0,1,0,0,0.0,0,0,4,MISO_STUCK_HIGH
capture_0160.csv,32,1550.0,10.0,100.0,8,0x0A,0xAA,0xAA,1,0,0,0,0,0.0,0,8,4,CLOCK_TOO_SLOW
capture_0161.csv,32,201.299,77.00007700007701,12.986999999999998,8,0x05,0xAA,0xAA,1,0,0,0,0,0.0,0,8,3,NORMAL
capture_0162.csv,32,155.0,100.0,10.0,8,0x06,0xAA,0xAA,1,0,0,0,0,0.0,0,8,2,NORMAL
capture_0163.csv,32,59.0,250.0,4.0,8,0x05,0xAA,0xAA,1,0,0,0,1,0.0,0,8,3,GLITCHED_CLOCK
capture_0164.csv,32,155.0,100.0,10.0,8,0x0A,0xAA,0x55,0,1,0,0,0,0.0,0,7,4,BIT_ORDER_ERROR
capture_0165.csv,32,201.299,77.00007700007701,12.986999999999998,8,0x06,0xAA,0x00,0,0,0,1,0,0.0,0,1,2,MISO_STUCK_LOW
capture_0166.csv,40,253.247,77.00007700007703,12.986999999999995,12,0x0A,0xAA,0xFF,0,0,0,0,0,0.0,1,0,4,SPI_TIMEOUT
capture_0167.csv,32,31.0,500.0,2.0,8,0x05,0xAA,0xAA,1,0,0,0,0,0.0,0,8,3,CLOCK_TOO_FAST
capture_0168.csv,32,155.0,100.0,10.0,8,0x0A,0xAA,0x55,0,1,0,0,0,0.0,0,7,4,BIT_ORDER_ERROR
capture_0169.csv,32,201.299,77.00007700007701,12.986999999999998,8,0x06,0xAA,0x33,0,0,0,0,0,0.0,0,3,2,WRONG_RESPONSE
capture_0170.csv,32,147.5,100.0,10.0,8,0x05,0xAA,0xAA,1,0,0,0,1,0.0,0,8,3,GLITCHED_CLOCK
capture_0171.csv,32,201.299,77.00007700007701,12.986999999999998,8,0x05,0xAA,0xAA,1,0,0,0,0,0.0,0,8,3,NORMAL
capture_0172.csv,40,253.247,77.00007700007703,12.986999999999995,12,0x06,0xAA,0xFF,0,0,0,0,0,0.0,1,0,2,SPI_TIMEOUT
capture_0173.csv,32,92.0,250.0,4.0,8,0x05,0xAA,0xAA,1,0,0,0,0,30.0,0,8,3,DELAYED_RESPONSE
capture_0174.csv,32,31.0,500.0,2.0,8,0x05,0xAA,0xAA,1,0,0,0,0,0.0,0,8,3,CLOCK_TOO_FAST
capture_0175.csv,32,112.0,250.0,4.0,8,0x06,0xAA,0xAA,1,0,0,0,0,50.0,0,8,2,DELAYED_RESPONSE
capture_0176.csv,32,62.0,250.0,4.0,8,0x05,0xAA,0xAA,1,0,0,0,0,0.0,0,8,3,NORMAL
capture_0177.csv,32,155.0,100.0,10.0,8,0x05,0xAA,0x33,0,0,0,0,0,0.0,0,3,3,WRONG_RESPONSE
capture_0178.csv,32,155.0,100.0,10.0,8,0x0A,0xAA,0xFF,0,0,1,0,0,0.0,0,0,4,MISO_STUCK_HIGH
capture_0179.csv,32,191.558,77.00007700007703,12.986999999999995,8,0x05,0xAA,0xAA,1,0,0,0,1,0.0,0,8,3,GLITCHED_CLOCK
capture_0180.csv,32,155.0,100.0,10.0,8,0x05,0xAA,0xFF,0,0,1,0,0,0.0,0,0,3,MISO_STUCK_HIGH
capture_0181.csv,32,62.0,250.0,4.0,8,0x05,0xAA,0xFF,0,0,1,0,0,0.0,0,0,3,MISO_STUCK_HIGH
capture_0182.csv,32,201.299,77.00007700007701,12.986999999999998,8,0x05,0xAA,0x00,0,0,0,1,0,0.0,0,1,3,MISO_STUCK_LOW
capture_0183.csv,32,1550.0,10.0,100.0,8,0x06,0xAA,0xAA,1,0,0,0,0,0.0,0,8,2,CLOCK_TOO_SLOW
capture_0184.csv,32,281.299,77.000077000077,12.987,8,0x0A,0xAA,0xAA,1,0,0,0,0,79.99999999999999,0,8,4,DELAYED_RESPONSE
capture_0185.csv,32,62.0,250.0,4.0,8,0x05,0xAA,0x33,0,0,0,0,0,0.0,0,3,3,WRONG_RESPONSE
capture_0186.csv,16,97.403,77.000077000077,12.987,0,0x05,0xAA,,0,0,0,0,0,,0,0,3,MISSING_ACK
capture_0187.csv,32,20.667,750.1875468867215,1.3330000000000002,8,0x06,0xAA,0xAA,1,0,0,0,0,0.0,0,8,2,CLOCK_TOO_FAST
capture_0188.csv,32,155.0,100.0,10.0,8,0x0A,0xAA,0x55,0,1,0,0,0,0.0,0,7,4,BIT_ORDER_ERROR
capture_0189.csv,32,201.299,77.00007700007701,12.986999999999998,8,0x0A,0xAA,0x00,0,0,0,1,0,0.0,0,1,4,MISO_STUCK_LOW
capture_0190.csv,32,62.0,250.0,4.0,8,0x0A,0xAA,0x00,0,0,0,1,0,0.0,0,1,4,MISO_STUCK_LOW
capture_0191.csv,32,155.0,100.0,10.0,8,0x0A,0xAA,0x55,0,1,0,0,0,0.0,0,7,4,BIT_ORDER_ERROR
capture_0192.csv,32,201.299,77.00007700007701,12.986999999999998,8,0x0A,0xAA,0x00,0,0,0,1,0,0.0,0,1,4,MISO_STUCK_LOW
capture_0193.csv,32,62.0,250.0,4.0,8,0x0A,0xAA,0x00,0,0,0,1,0,0.0,0,1,4,MISO_STUCK_LOW
capture_0194.csv,32,3100.0,5.0,200.0,8,0x05,0xAA,0xAA,1,0,0,0,0,0.0,0,8,3,CLOCK_TOO_SLOW
capture_0195.csv,32,235.0,100.0,10.0,8,0x0A,0xAA,0xAA,1,0,0,0,0,80.0,0,8,4,DELAYED_RESPONSE
capture_0196.csv,16,30.0,250.0,4.0,0,0x0A,0xAA,,0,0,0,0,0,,0,0,4,MISSING_ACK
capture_0197.csv,32,62.0,250.0,4.0,8,0x05,0xAA,0x00,0,0,0,1,0,0.0,0,1,3,MISO_STUCK_LOW
capture_0198.csv,32,155.0,100.0,10.0,8,0x06,0xAA,0x00,0,0,0,1,0,0.0,0,1,2,MISO_STUCK_LOW
capture_0199.csv,32,201.299,77.00007700007701,12.986999999999998,8,0x05,0xAA,0xAA,1,0,0,0,0,0.0,0,8,3,NORMAL
capture_0200.csv,34,165.0,100.0,10.0,9,0x0A,0xAA,0xAA,1,0,0,0,0,0.0,0,9,4,FRAME_LENGTH_ERROR
capture_0201.csv,32,62.0,250.0,4.0,8,0x05,0xAA,0xFF,0,0,1,0,0,0.0,0,0,3,MISO_STUCK_HIGH
capture_0202.csv,32,155.0,100.0,10.0,8,0x06,0xAA,0xAA,1,0,0,0,0,0.0,0,8,2,NORMAL
capture_0203.csv,32,775.0,20.0,50.0,8,0x06,0xAA,0xAA,1,0,0,0,0,0.0,0,8,2,CLOCK_TOO_SLOW
capture_0204.csv,32,20.667,750.1875468867215,1.3330000000000002,8,0x06,0xAA,0xAA,1,0,0,0,0,0.0,0,8,2,CLOCK_TOO_FAST
capture_0205.csv,32,31.0,500.0,2.0,8,0x06,0xAA,0xAA,1,0,0,0,0,0.0,0,8,2,CLOCK_TOO_FAST
capture_0206.csv,32,201.299,77.00007700007701,12.986999999999998,8,0x0A,0xAA,0x00,0,0,0,1,0,0.0,0,1,4,MISO_STUCK_LOW
capture_0207.csv,32,201.299,77.00007700007701,12.986999999999998,8,0x06,0xAA,0x33,0,0,0,0,0,0.0,0,3,2,WRONG_RESPONSE
capture_0208.csv,32,3100.0,5.0,200.0,8,0x05,0xAA,0xAA,1,0,0,0,0,0.0,0,8,3,CLOCK_TOO_SLOW
capture_0209.csv,32,185.0,100.0,10.0,8,0x06,0xAA,0xAA,1,0,0,0,0,30.0,0,8,2,DELAYED_RESPONSE
capture_0210.csv,16,75.0,100.0,10.0,0,0x05,0xAA,,0,0,0,0,0,,0,0,3,MISSING_ACK
capture_0211.csv,32,155.0,100.0,10.0,8,0x0A,0xAA,0x33,0,0,0,0,0,0.0,0,3,4,WRONG_RESPONSE
capture_0212.csv,32,142.0,250.0,4.0,8,0x06,0xAA,0xAA,1,0,0,0,0,80.0,0,8,2,DELAYED_RESPONSE
capture_0213.csv,32,201.299,77.00007700007701,12.986999999999998,8,0x06,0xAA,0xAA,1,0,0,0,0,0.0,0,8,2,NORMAL
capture_0214.csv,16,97.403,77.000077000077,12.987,0,0x06,0xAA,,0,0,0,0,0,,0,0,2,MISSING_ACK
capture_0215.csv,32,201.299,77.00007700007701,12.986999999999998,8,0x06,0xAA,0x00,0,0,0,1,0,0.0,0,1,2,MISO_STUCK_LOW
capture_0216.csv,40,253.247,77.00007700007703,12.986999999999995,12,0x06,0xAA,0xFF,0,0,0,0,0,0.0,1,0,2,SPI_TIMEOUT
capture_0217.csv,32,62.0,250.0,4.0,8,0x0A,0xAA,0xFF,0,0,1,0,0,0.0,0,0,4,MISO_STUCK_HIGH
capture_0218.csv,32,62.0,250.0,4.0,8,0x0A,0xAA,0x55,0,1,0,0,0,0.0,0,7,4,BIT_ORDER_ERROR
capture_0219.csv,32,235.0,100.0,10.0,8,0x06,0xAA,0xAA,1,0,0,0,0,80.0,0,8,2,DELAYED_RESPONSE
capture_0220.csv,32,155.0,100.0,10.0,8,0x05,0xAA,0x00,0,0,0,1,0,0.0,0,1,3,MISO_STUCK_LOW
capture_0221.csv,32,155.0,100.0,10.0,8,0x0A,0xAA,0xFF,0,0,1,0,0,0.0,0,0,4,MISO_STUCK_HIGH
capture_0222.csv,16,75.0,100.0,10.0,0,0x06,0xAA,,0,0,0,0,0,,0,0,2,MISSING_ACK
capture_0223.csv,32,20.667,750.1875468867215,1.3330000000000002,8,0x0A,0xAA,0xAA,1,0,0,0,0,0.0,0,8,4,CLOCK_TOO_FAST
capture_0224.csv,32,155.0,100.0,10.0,8,0x05,0xAA,0x00,0,0,0,1,0,0.0,0,1,3,MISO_STUCK_LOW
capture_0225.csv,32,62.0,250.0,4.0,8,0x06,0xAA,0x33,0,0,0,0,0,0.0,0,3,2,WRONG_RESPONSE
capture_0226.csv,32,62.0,250.0,4.0,8,0x06,0xAA,0x33,0,0,0,0,0,0.0,0,3,2,WRONG_RESPONSE
capture_0227.csv,32,775.0,20.0,50.0,8,0x05,0xAA,0xAA,1,0,0,0,0,0.0,0,8,3,CLOCK_TOO_SLOW
capture_0228.csv,40,78.0,250.0,4.0,12,0x06,0xAA,0xFF,0,0,0,0,0,0.0,1,0,2,SPI_TIMEOUT
capture_0229.csv,16,75.0,100.0,10.0,0,0x05,0xAA,,0,0,0,0,0,,0,0,3,MISSING_ACK
capture_0230.csv,32,155.0,100.0,10.0,8,0x0A,0xAA,0xFF,0,0,1,0,0,0.0,0,0,4,MISO_STUCK_HIGH
capture_0231.csv,16,97.403,77.000077000077,12.987,0,0x06,0xAA,,0,0,0,0,0,,0,0,2,MISSING_ACK
capture_0232.csv,32,147.5,100.0,10.0,8,0x0A,0xAA,0xAA,1,0,0,0,1,0.0,0,8,4,GLITCHED_CLOCK
capture_0233.csv,16,75.0,100.0,10.0,0,0x06,0xAA,,0,0,0,0,0,,0,0,2,MISSING_ACK
capture_0234.csv,32,62.0,250.0,4.0,8,0x0A,0xAA,0x55,0,1,0,0,0,0.0,0,7,4,BIT_ORDER_ERROR
capture_0235.csv,32,155.0,100.0,10.0,8,0x06,0xAA,0x55,0,1,0,0,0,0.0,0,7,2,BIT_ORDER_ERROR
capture_0236.csv,40,253.247,77.00007700007703,12.986999999999995,12,0x0A,0xAA,0xFF,0,0,0,0,0,0.0,1,0,4,SPI_TIMEOUT
capture_0237.csv,32,62.0,250.0,4.0,8,0x05,0xAA,0x55,0,1,0,0,0,0.0,0,7,3,BIT_ORDER_ERROR
capture_0238.csv,32,281.299,77.000077000077,12.987,8,0x06,0xAA,0xAA,1,0,0,0,0,79.99999999999999,0,8,2,DELAYED_RESPONSE
capture_0239.csv,32,155.0,100.0,10.0,8,0x05,0xAA,0x55,0,1,0,0,0,0.0,0,7,3,BIT_ORDER_ERROR
capture_0240.csv,16,97.403,77.000077000077,12.987,0,0x0A,0xAA,,0,0,0,0,0,,0,0,4,MISSING_ACK
capture_0241.csv,32,201.299,77.00007700007701,12.986999999999998,8,0x06,0xAA,0xAA,1,0,0,0,0,0.0,0,8,2,NORMAL
capture_0242.csv,32,201.299,77.00007700007701,12.986999999999998,8,0x05,0xAA,0xAA,1,0,0,0,0,0.0,0,8,3,NORMAL
capture_0243.csv,32,775.0,20.0,50.0,8,0x06,0xAA,0xAA,1,0,0,0,0,0.0,0,8,2,CLOCK_TOO_SLOW
capture_0244.csv,16,30.0,250.0,4.0,0,0x06,0xAA,,0,0,0,0,0,,0,0,2,MISSING_ACK
capture_0245.csv,16,30.0,250.0,4.0,0,0x05,0xAA,,0,0,0,0,0,,0,0,3,MISSING_ACK
capture_0246.csv,40,195.0,100.0,10.0,12,0x06,0xAA,0xFF,0,0,0,0,0,0.0,1,0,2,SPI_TIMEOUT
capture_0247.csv,32,155.0,100.0,10.0,8,0x0A,0xAA,0x33,0,0,0,0,0,0.0,0,3,4,WRONG_RESPONSE
capture_0248.csv,40,78.0,250.0,4.0,12,0x0A,0xAA,0xFF,0,0,0,0,0,0.0,1,0,4,SPI_TIMEOUT
capture_0249.csv,32,3100.0,5.0,200.0,8,0x06,0xAA,0xAA,1,0,0,0,0,0.0,0,8,2,CLOCK_TOO_SLOW
capture_0250.csv,32,155.0,100.0,10.0,8,0x05,0xAA,0x33,0,0,0,0,0,0.0,0,3,3,WRONG_RESPONSE
capture_0251.csv,32,155.0,100.0,10.0,8,0x05,0xAA,0x55,0,1,0,0,0,0.0,0,7,3,BIT_ORDER_ERROR
capture_0252.csv,32,201.299,77.00007700007701,12.986999999999998,8,0x06,0xAA,0xFF,0,0,1,0,0,0.0,0,0,2,MISO_STUCK_HIGH
capture_0253.csv,32,112.0,250.0,4.0,8,0x05,0xAA,0xAA,1,0,0,0,0,50.0,0,8,3,DELAYED_RESPONSE
capture_0254.csv,32,155.0,100.0,10.0,8,0x06,0xAA,0xFF,0,0,1,0,0,0.0,0,0,2,MISO_STUCK_HIGH
capture_0255.csv,36,70.0,250.0,4.0,10,0x05,0xAA,0xAA,1,0,0,0,0,0.0,0,10,3,FRAME_LENGTH_ERROR
capture_0256.csv,32,201.299,77.00007700007701,12.986999999999998,8,0x06,0xAA,0xAA,1,0,0,0,0,0.0,0,8,2,NORMAL
capture_0257.csv,32,62.0,250.0,4.0,8,0x0A,0xAA,0x33,0,0,0,0,0,0.0,0,3,4,WRONG_RESPONSE
capture_0258.csv,32,201.299,77.00007700007701,12.986999999999998,8,0x06,0xAA,0xFF,0,0,1,0,0,0.0,0,0,2,MISO_STUCK_HIGH
capture_0259.csv,32,62.0,250.0,4.0,8,0x06,0xAA,0xFF,0,0,1,0,0,0.0,0,0,2,MISO_STUCK_HIGH
capture_0260.csv,32,155.0,100.0,10.0,8,0x06,0xAA,0xFF,0,0,1,0,0,0.0,0,0,2,MISO_STUCK_HIGH
capture_0261.csv,32,31.0,500.0,2.0,8,0x0A,0xAA,0xAA,1,0,0,0,0,0.0,0,8,4,CLOCK_TOO_FAST
capture_0262.csv,32,201.299,77.00007700007701,12.986999999999998,8,0x05,0xAA,0x00,0,0,0,1,0,0.0,0,1,3,MISO_STUCK_LOW
capture_0263.csv,32,235.0,100.0,10.0,8,0x06,0xAA,0xAA,1,0,0,0,0,80.0,0,8,2,DELAYED_RESPONSE
capture_0264.csv,32,185.0,100.0,10.0,8,0x06,0xAA,0xAA,1,0,0,0,0,30.0,0,8,2,DELAYED_RESPONSE
capture_0265.csv,32,201.299,77.00007700007701,12.986999999999998,8,0x06,0xAA,0x33,0,0,0,0,0,0.0,0,3,2,WRONG_RESPONSE
capture_0266.csv,40,195.0,100.0,10.0,12,0x05,0xAA,0xFF,0,0,0,0,0,0.0,1,0,3,SPI_TIMEOUT
capture_0267.csv,32,201.299,77.00007700007701,12.986999999999998,8,0x0A,0xAA,0xFF,0,0,1,0,0,0.0,0,0,4,MISO_STUCK_HIGH
capture_0268.csv,32,20.667,750.1875468867215,1.3330000000000002,8,0x0A,0xAA,0xAA,1,0,0,0,0,0.0,0,8,4,CLOCK_TOO_FAST
capture_0269.csv,40,78.0,250.0,4.0,12,0x06,0xAA,0xFF,0,0,0,0,0,0.0,1,0,2,SPI_TIMEOUT
capture_0270.csv,16,97.403,77.000077000077,12.987,0,0x05,0xAA,,0,0,0,0,0,,0,0,3,MISSING_ACK
capture_0271.csv,32,155.0,100.0,10.0,8,0x0A,0xAA,0x00,0,0,0,1,0,0.0,0,1,4,MISO_STUCK_LOW
capture_0272.csv,32,1550.0,10.0,100.0,8,0x05,0xAA,0xAA,1,0,0,0,0,0.0,0,8,3,CLOCK_TOO_SLOW
capture_0273.csv,32,1550.0,10.0,100.0,8,0x06,0xAA,0xAA,1,0,0,0,0,0.0,0,8,2,CLOCK_TOO_SLOW
capture_0274.csv,32,147.5,100.0,10.0,8,0x06,0xAA,0xAA,1,0,0,0,1,0.0,0,8,2,GLITCHED_CLOCK
capture_0275.csv,32,62.0,250.0,4.0,8,0x05,0xAA,0x55,0,1,0,0,0,0.0,0,7,3,BIT_ORDER_ERROR
capture_0276.csv,32,62.0,250.0,4.0,8,0x0A,0xAA,0xAA,1,0,0,0,0,0.0,0,8,4,NORMAL
capture_0277.csv,32,15.5,1000.0,1.0,8,0x0A,0xAA,0xAA,1,0,0,0,0,0.0,0,8,4,CLOCK_TOO_FAST
capture_0278.csv,32,191.558,77.00007700007703,12.986999999999995,8,0x0A,0xAA,0xAA,1,0,0,0,1,0.0,0,8,4,GLITCHED_CLOCK
capture_0279.csv,32,62.0,250.0,4.0,8,0x05,0xAA,0xFF,0,0,1,0,0,0.0,0,0,3,MISO_STUCK_HIGH
capture_0280.csv,30,145.0,100.0,10.0,7,0x0A,0xAA,,0,0,0,0,0,0.0,0,7,4,FRAME_LENGTH_ERROR
capture_0281.csv,32,3100.0,5.0,200.0,8,0x05,0xAA,0xAA,1,0,0,0,0,0.0,0,8,3,CLOCK_TOO_SLOW
capture_0282.csv,32,147.5,100.0,10.0,8,0x0A,0xAA,0xAA,1,0,0,0,1,0.0,0,8,4,GLITCHED_CLOCK
capture_0283.csv,32,62.0,250.0,4.0,8,0x05,0xAA,0x55,0,1,0,0,0,0.0,0,7,3,BIT_ORDER_ERROR
capture_0284.csv,40,78.0,250.0,4.0,12,0x06,0xAA,0xFF,0,0,0,0,0,0.0,1,0,2,SPI_TIMEOUT
capture_0285.csv,32,201.299,77.00007700007701,12.986999999999998,8,0x06,0xAA,0x00,0,0,0,1,0,0.0,0,1,2,MISO_STUCK_LOW
capture_0286.csv,32,155.0,100.0,10.0,8,0x05,0xAA,0xFF,0,0,1,0,0,0.0,0,0,3,MISO_STUCK_HIGH
capture_0287.csv,32,191.558,77.00007700007703,12.986999999999995,8,0x0A,0xAA,0xAA,1,0,0,0,1,0.0,0,8,4,GLITCHED_CLOCK
capture_0288.csv,32,201.299,77.00007700007701,12.986999999999998,8,0x06,0xAA,0x33,0,0,0,0,0,0.0,0,3,2,WRONG_RESPONSE
capture_0289.csv,32,62.0,250.0,4.0,8,0x0A,0xAA,0x00,0,0,0,1,0,0.0,0,1,4,MISO_STUCK_LOW
capture_0290.csv,32,62.0,250.0,4.0,8,0x05,0xAA,0x00,0,0,0,1,0,0.0,0,1,3,MISO_STUCK_LOW
capture_0291.csv,16,75.0,100.0,10.0,0,0x05,0xAA,,0,0,0,0,0,,0,0,3,MISSING_ACK
capture_0292.csv,32,1550.0,10.0,100.0,8,0x0A,0xAA,0xAA,1,0,0,0,0,0.0,0,8,4,CLOCK_TOO_SLOW
capture_0293.csv,32,201.299,77.00007700007701,12.986999999999998,8,0x06,0xAA,0xFF,0,0,1,0,0,0.0,0,0,2,MISO_STUCK_HIGH
capture_0294.csv,32,155.0,100.0,10.0,8,0x05,0xAA,0xFF,0,0,1,0,0,0.0,0,0,3,MISO_STUCK_HIGH
capture_0295.csv,32,142.0,250.0,4.0,8,0x0A,0xAA,0xAA,1,0,0,0,0,80.0,0,8,4,DELAYED_RESPONSE
capture_0296.csv,40,78.0,250.0,4.0,12,0x05,0xAA,0xFF,0,0,0,0,0,0.0,1,0,3,SPI_TIMEOUT
capture_0297.csv,32,142.0,250.0,4.0,8,0x05,0xAA,0xAA,1,0,0,0,0,80.0,0,8,3,DELAYED_RESPONSE
capture_0298.csv,32,155.0,100.0,10.0,8,0x06,0xAA,0x55,0,1,0,0,0,0.0,0,7,2,BIT_ORDER_ERROR
capture_0299.csv,30,145.0,100.0,10.0,7,0x06,0xAA,,0,0,0,0,0,0.0,0,7,2,FRAME_LENGTH_ERROR
capture_0300.csv,32,3100.0,5.0,200.0,8,0x06,0xAA,0xAA,1,0,0,0,0,0.0,0,8,2,CLOCK_TOO_SLOW
capture_0301.csv,32,1550.0,10.0,100.0,8,0x0A,0xAA,0xAA,1,0,0,0,0,0.0,0,8,4,CLOCK_TOO_SLOW
capture_0302.csv,32,155.0,100.0,10.0,8,0x0A,0xAA,0x33,0,0,0,0,0,0.0,0,3,4,WRONG_RESPONSE
capture_0303.csv,32,147.5,100.0,10.0,8,0x0A,0xAA,0xAA,1,0,0,0,1,0.0,0,8,4,GLITCHED_CLOCK
capture_0304.csv,40,78.0,250.0,4.0,12,0x05,0xAA,0xFF,0,0,0,0,0,0.0,1,0,3,SPI_TIMEOUT
capture_0305.csv,32,62.0,250.0,4.0,8,0x0A,0xAA,0xFF,0,0,1,0,0,0.0,0,0,4,MISO_STUCK_HIGH
capture_0306.csv,28,54.0,250.0,4.0,6,0x05,0xAA,,0,0,0,0,0,0.0,0,6,3,FRAME_LENGTH_ERROR
capture_0307.csv,32,201.299,77.00007700007701,12.986999999999998,8,0x06,0xAA,0x55,0,1,0,0,0,0.0,0,7,2,BIT_ORDER_ERROR
capture_0308.csv,32,155.0,100.0,10.0,8,0x05,0xAA,0x00,0,0,0,1,0,0.0,0,1,3,MISO_STUCK_LOW
capture_0309.csv,16,97.403,77.000077000077,12.987,0,0x0A,0xAA,,0,0,0,0,0,,0,0,4,MISSING_ACK
capture_0310.csv,40,78.0,250.0,4.0,12,0x0A,0xAA,0xFF,0,0,0,0,0,0.0,1,0,4,SPI_TIMEOUT
capture_0311.csv,32,201.299,77.00007700007701,12.986999999999998,8,0x0A,0xAA,0xFF,0,0,1,0,0,0.0,0,0,4,MISO_STUCK_HIGH
capture_0312.csv,32,15.5,1000.0,1.0,8,0x05,0xAA,0xAA,1,0,0,0,0,0.0,0,8,3,CLOCK_TOO_FAST
capture_0313.csv,32,62.0,250.0,4.0,8,0x06,0xAA,0xFF,0,0,1,0,0,0.0,0,0,2,MISO_STUCK_HIGH
capture_0314.csv,32,201.299,77.00007700007701,12.986999999999998,8,0x0A,0xAA,0xFF,0,0,1,0,0,0.0,0,0,4,MISO_STUCK_HIGH
capture_0315.csv,32,251.299,77.000077000077,12.987,8,0x0A,0xAA,0xAA,1,0,0,0,0,49.99999999999998,0,8,4,DELAYED_RESPONSE
capture_0316.csv,32,3100.0,5.0,200.0,8,0x0A,0xAA,0xAA,1,0,0,0,0,0.0,0,8,4,CLOCK_TOO_SLOW
capture_0317.csv,32,155.0,100.0,10.0,8,0x05,0xAA,0x33,0,0,0,0,0,0.0,0,3,3,WRONG_RESPONSE
capture_0318.csv,28,135.0,100.0,10.0,6,0x06,0xAA,,0,0,0,0,0,0.0,0,6,2,FRAME_LENGTH_ERROR
capture_0319.csv,32,155.0,100.0,10.0,8,0x0A,0xAA,0xAA,1,0,0,0,0,0.0,0,8,4,NORMAL
capture_0320.csv,16,30.0,250.0,4.0,0,0x0A,0xAA,,0,0,0,0,0,,0,0,4,MISSING_ACK
capture_0321.csv,32,59.0,250.0,4.0,8,0x06,0xAA,0xAA,1,0,0,0,1,0.0,0,8,2,GLITCHED_CLOCK
capture_0322.csv,32,775.0,20.0,50.0,8,0x0A,0xAA,0xAA,1,0,0,0,0,0.0,0,8,4,CLOCK_TOO_SLOW
capture_0323.csv,36,70.0,250.0,4.0,10,0x06,0xAA,0xAA,1,0,0,0,0,0.0,0,10,2,FRAME_LENGTH_ERROR
capture_0324.csv,32,147.5,100.0,10.0,8,0x05,0xAA,0xAA,1,0,0,0,1,0.0,0,8,3,GLITCHED_CLOCK
capture_0325.csv,32,31.0,500.0,2.0,8,0x0A,0xAA,0xAA,1,0,0,0,0,0.0,0,8,4,CLOCK_TOO_FAST
capture_0326.csv,34,165.0,100.0,10.0,9,0x06,0xAA,0xAA,1,0,0,0,0,0.0,0,9,2,FRAME_LENGTH_ERROR
capture_0327.csv,32,62.0,250.0,4.0,8,0x0A,0xAA,0x33,0,0,0,0,0,0.0,0,3,4,WRONG_RESPONSE
capture_0328.csv,40,195.0,100.0,10.0,12,0x06,0xAA,0xFF,0,0,0,0,0,0.0,1,0,2,SPI_TIMEOUT
capture_0329.csv,32,15.5,1000.0,1.0,8,0x06,0xAA,0xAA,1,0,0,0,0,0.0,0,8,2,CLOCK_TOO_FAST
capture_0330.csv,16,75.0,100.0,10.0,0,0x0A,0xAA,,0,0,0,0,0,,0,0,4,MISSING_ACK
capture_0331.csv,32,155.0,100.0,10.0,8,0x06,0xAA,0xAA,1,0,0,0,0,0.0,0,8,2,NORMAL
capture_0332.csv,34,66.0,250.0,4.0,9,0x06,0xAA,0xAA,1,0,0,0,0,0.0,0,9,2,FRAME_LENGTH_ERROR
capture_0333.csv,40,78.0,250.0,4.0,12,0x05,0xAA,0xFF,0,0,0,0,0,0.0,1,0,3,SPI_TIMEOUT
capture_0334.csv,16,30.0,250.0,4.0,0,0x05,0xAA,,0,0,0,0,0,,0,0,3,MISSING_ACK
capture_0335.csv,32,62.0,250.0,4.0,8,0x05,0xAA,0x55,0,1,0,0,0,0.0,0,7,3,BIT_ORDER_ERROR
capture_0336.csv,32,155.0,100.0,10.0,8,0x06,0xAA,0xFF,0,0,1,0,0,0.0,0,0,2,MISO_STUCK_HIGH
capture_0337.csv,32,201.299,77.00007700007701,12.986999999999998,8,0x0A,0xAA,0xAA,1,0,0,0,0,0.0,0,8,4,NORMAL
capture_0338.csv,32,3100.0,5.0,200.0,8,0x0A,0xAA,0xAA,1,0,0,0,0,0.0,0,8,4,CLOCK_TOO_SLOW
capture_0339.csv,40,78.0,250.0,4.0,12,0x06,0xAA,0xFF,0,0,0,0,0,0.0,1,0,2,SPI_TIMEOUT
capture_0340.csv,32,201.299,77.00007700007701,12.986999999999998,8,0x05,0xAA,0x55,0,1,0,0,0,0.0,0,7,3,BIT_ORDER_ERROR
capture_0341.csv,32,3100.0,5.0,200.0,8,0x06,0xAA,0xAA,1,0,0,0,0,0.0,0,8,2,CLOCK_TOO_SLOW
capture_0342.csv,32,201.299,77.00007700007701,12.986999999999998,8,0x05,0xAA,0x00,0,0,0,1,0,0.0,0,1,3,MISO_STUCK_LOW
capture_0343.csv,32,20.667,750.1875468867215,1.3330000000000002,8,0x06,0xAA,0xAA,1,0,0,0,0,0.0,0,8,2,CLOCK_TOO_FAST
capture_0344.csv,32,147.5,100.0,10.0,8,0x0A,0xAA,0xAA,1,0,0,0,1,0.0,0,8,4,GLITCHED_CLOCK
capture_0345.csv,32,3100.0,5.0,200.0,8,0x0A,0xAA,0xAA,1,0,0,0,0,0.0,0,8,4,CLOCK_TOO_SLOW
capture_0346.csv,32,15.5,1000.0,1.0,8,0x0A,0xAA,0xAA,1,0,0,0,0,0.0,0,8,4,CLOCK_TOO_FAST
capture_0347.csv,40,78.0,250.0,4.0,12,0x05,0xAA,0xFF,0,0,0,0,0,0.0,1,0,3,SPI_TIMEOUT
capture_0348.csv,32,191.558,77.00007700007703,12.986999999999995,8,0x05,0xAA,0xAA,1,0,0,0,1,0.0,0,8,3,GLITCHED_CLOCK
capture_0349.csv,32,155.0,100.0,10.0,8,0x05,0xAA,0xAA,1,0,0,0,0,0.0,0,8,3,NORMAL
capture_0350.csv,32,201.299,77.00007700007701,12.986999999999998,8,0x06,0xAA,0x33,0,0,0,0,0,0.0,0,3,2,WRONG_RESPONSE
capture_0351.csv,32,112.0,250.0,4.0,8,0x0A,0xAA,0xAA,1,0,0,0,0,50.0,0,8,4,DELAYED_RESPONSE
capture_0352.csv,32,147.5,100.0,10.0,8,0x05,0xAA,0xAA,1,0,0,0,1,0.0,0,8,3,GLITCHED_CLOCK
capture_0353.csv,32,775.0,20.0,50.0,8,0x0A,0xAA,0xAA,1,0,0,0,0,0.0,0,8,4,CLOCK_TOO_SLOW
capture_0354.csv,32,62.0,250.0,4.0,8,0x06,0xAA,0xFF,0,0,1,0,0,0.0,0,0,2,MISO_STUCK_HIGH
capture_0355.csv,40,78.0,250.0,4.0,12,0x06,0xAA,0xFF,0,0,0,0,0,0.0,1,0,2,SPI_TIMEOUT
capture_0356.csv,32,201.299,77.00007700007701,12.986999999999998,8,0x06,0xAA,0x33,0,0,0,0,0,0.0,0,3,2,WRONG_RESPONSE
capture_0357.csv,32,155.0,100.0,10.0,8,0x0A,0xAA,0x55,0,1,0,0,0,0.0,0,7,4,BIT_ORDER_ERROR
capture_0358.csv,32,1550.0,10.0,100.0,8,0x0A,0xAA,0xAA,1,0,0,0,0,0.0,0,8,4,CLOCK_TOO_SLOW
capture_0359.csv,32,3100.0,5.0,200.0,8,0x06,0xAA,0xAA,1,0,0,0,0,0.0,0,8,2,CLOCK_TOO_SLOW
capture_0360.csv,16,30.0,250.0,4.0,0,0x06,0xAA,,0,0,0,0,0,,0,0,2,MISSING_ACK
capture_0361.csv,32,1550.0,10.0,100.0,8,0x05,0xAA,0xAA,1,0,0,0,0,0.0,0,8,3,CLOCK_TOO_SLOW
capture_0362.csv,32,201.299,77.00007700007701,12.986999999999998,8,0x0A,0xAA,0x55,0,1,0,0,0,0.0,0,7,4,BIT_ORDER_ERROR
capture_0363.csv,16,30.0,250.0,4.0,0,0x05,0xAA,,0,0,0,0,0,,0,0,3,MISSING_ACK
capture_0364.csv,32,155.0,100.0,10.0,8,0x05,0xAA,0x00,0,0,0,1,0,0.0,0,1,3,MISO_STUCK_LOW
capture_0365.csv,32,155.0,100.0,10.0,8,0x06,0xAA,0xAA,1,0,0,0,0,0.0,0,8,2,NORMAL
capture_0366.csv,32,20.667,750.1875468867215,1.3330000000000002,8,0x0A,0xAA,0xAA,1,0,0,0,0,0.0,0,8,4,CLOCK_TOO_FAST
capture_0367.csv,16,75.0,100.0,10.0,0,0x0A,0xAA,,0,0,0,0,0,,0,0,4,MISSING_ACK
capture_0368.csv,16,30.0,250.0,4.0,0,0x06,0xAA,,0,0,0,0,0,,0,0,2,MISSING_ACK
capture_0369.csv,40,195.0,100.0,10.0,12,0x05,0xAA,0xFF,0,0,0,0,0,0.0,1,0,3,SPI_TIMEOUT
capture_0370.csv,16,75.0,100.0,10.0,0,0x06,0xAA,,0,0,0,0,0,,0,0,2,MISSING_ACK
capture_0371.csv,16,75.0,100.0,10.0,0,0x06,0xAA,,0,0,0,0,0,,0,0,2,MISSING_ACK
capture_0372.csv,32,15.5,1000.0,1.0,8,0x0A,0xAA,0xAA,1,0,0,0,0,0.0,0,8,4,CLOCK_TOO_FAST
capture_0373.csv,32,62.0,250.0,4.0,8,0x05,0xAA,0x33,0,0,0,0,0,0.0,0,3,3,WRONG_RESPONSE
capture_0374.csv,32,201.299,77.00007700007701,12.986999999999998,8,0x05,0xAA,0xFF,0,0,1,0,0,0.0,0,0,3,MISO_STUCK_HIGH
capture_0375.csv,32,201.299,77.00007700007701,12.986999999999998,8,0x05,0xAA,0x33,0,0,0,0,0,0.0,0,3,3,WRONG_RESPONSE
capture_0376.csv,32,3100.0,5.0,200.0,8,0x05,0xAA,0xAA,1,0,0,0,0,0.0,0,8,3,CLOCK_TOO_SLOW
capture_0377.csv,32,62.0,250.0,4.0,8,0x0A,0xAA,0x00,0,0,0,1,0,0.0,0,1,4,MISO_STUCK_LOW
capture_0378.csv,16,97.403,77.000077000077,12.987,0,0x05,0xAA,,0,0,0,0,0,,0,0,3,MISSING_ACK
capture_0379.csv,32,62.0,250.0,4.0,8,0x06,0xAA,0x55,0,1,0,0,0,0.0,0,7,2,BIT_ORDER_ERROR
capture_0380.csv,32,201.299,77.00007700007701,12.986999999999998,8,0x06,0xAA,0x00,0,0,0,1,0,0.0,0,1,2,MISO_STUCK_LOW
capture_0381.csv,30,145.0,100.0,10.0,7,0x06,0xAA,,0,0,0,0,0,0.0,0,7,2,FRAME_LENGTH_ERROR
capture_0382.csv,16,97.403,77.000077000077,12.987,0,0x05,0xAA,,0,0,0,0,0,,0,0,3,MISSING_ACK
capture_0383.csv,32,147.5,100.0,10.0,8,0x06,0xAA,0xAA,1,0,0,0,1,0.0,0,8,2,GLITCHED_CLOCK
capture_0384.csv,32,155.0,100.0,10.0,8,0x05,0xAA,0xFF,0,0,1,0,0,0.0,0,0,3,MISO_STUCK_HIGH
capture_0385.csv,28,135.0,100.0,10.0,6,0x05,0xAA,,0,0,0,0,0,0.0,0,6,3,FRAME_LENGTH_ERROR
capture_0386.csv,16,30.0,250.0,4.0,0,0x0A,0xAA,,0,0,0,0,0,,0,0,4,MISSING_ACK
capture_0387.csv,32,235.0,100.0,10.0,8,0x06,0xAA,0xAA,1,0,0,0,0,80.0,0,8,2,DELAYED_RESPONSE
capture_0388.csv,16,30.0,250.0,4.0,0,0x0A,0xAA,,0,0,0,0,0,,0,0,4,MISSING_ACK
capture_0389.csv,32,31.0,500.0,2.0,8,0x06,0xAA,0xAA,1,0,0,0,0,0.0,0,8,2,CLOCK_TOO_FAST
capture_0390.csv,32,201.299,77.00007700007701,12.986999999999998,8,0x0A,0xAA,0xFF,0,0,1,0,0,0.0,0,0,4,MISO_STUCK_HIGH
capture_0391.csv,32,201.299,77.00007700007701,12.986999999999998,8,0x0A,0xAA,0x33,0,0,0,0,0,0.0,0,3,4,WRONG_RESPONSE
capture_0392.csv,32,62.0,250.0,4.0,8,0x06,0xAA,0xAA,1,0,0,0,0,0.0,0,8,2,NORMAL
capture_0393.csv,32,155.0,100.0,10.0,8,0x06,0xAA,0xFF,0,0,1,0,0,0.0,0,0,2,MISO_STUCK_HIGH
capture_0394.csv,32,155.0,100.0,10.0,8,0x0A,0xAA,0x33,0,0,0,0,0,0.0,0,3,4,WRONG_RESPONSE
capture_0395.csv,32,155.0,100.0,10.0,8,0x06,0xAA,0x33,0,0,0,0,0,0.0,0,3,2,WRONG_RESPONSE
capture_0396.csv,32,155.0,100.0,10.0,8,0x06,0xAA,0x00,0,0,0,1,0,0.0,0,1,2,MISO_STUCK_LOW
capture_0397.csv,32,59.0,250.0,4.0,8,0x06,0xAA,0xAA,1,0,0,0,1,0.0,0,8,2,GLITCHED_CLOCK
capture_0398.csv,30,188.312,77.00007700007701,12.986999999999998,7,0x05,0xAA,,0,0,0,0,0,0.0,0,7,3,FRAME_LENGTH_ERROR
capture_0399.csv,32,185.0,100.0,10.0,8,0x06,0xAA,0xAA,1,0,0,0,0,30.0,0,8,2,DELAYED_RESPONSE
capture_0400.csv,32,201.299,77.00007700007701,12.986999999999998,8,0x06,0xAA,0x00,0,0,0,1,0,0.0,0,1,2,MISO_STUCK_LOW
capture_0401.csv,16,75.0,100.0,10.0,0,0x0A,0xAA,,0,0,0,0,0,,0,0,4,MISSING_ACK
capture_0402.csv,32,201.299,77.00007700007701,12.986999999999998,8,0x06,0xAA,0xFF,0,0,1,0,0,0.0,0,0,2,MISO_STUCK_HIGH
capture_0403.csv,32,155.0,100.0,10.0,8,0x0A,0xAA,0xAA,1,0,0,0,0,0.0,0,8,4,NORMAL
capture_0404.csv,32,201.299,77.00007700007701,12.986999999999998,8,0x0A,0xAA,0x55,0,1,0,0,0,0.0,0,7,4,BIT_ORDER_ERROR
capture_0405.csv,32,155.0,100.0,10.0,8,0x0A,0xAA,0x33,0,0,0,0,0,0.0,0,3,4,WRONG_RESPONSE
capture_0406.csv,32,147.5,100.0,10.0,8,0x06,0xAA,0xAA,1,0,0,0,1,0.0,0,8,2,GLITCHED_CLOCK
capture_0407.csv,16,97.403,77.000077000077,12.987,0,0x05,0xAA,,0,0,0,0,0,,0,0,3,MISSING_ACK
capture_0408.csv,32,31.0,500.0,2.0,8,0x06,0xAA,0xAA,1,0,0,0,0,0.0,0,8,2,CLOCK_TOO_FAST
capture_0409.csv,34,165.0,100.0,10.0,9,0x06,0xAA,0xAA,1,0,0,0,0,0.0,0,9,2,FRAME_LENGTH_ERROR
capture_0410.csv,32,155.0,100.0,10.0,8,0x06,0xAA,0x33,0,0,0,0,0,0.0,0,3,2,WRONG_RESPONSE
capture_0411.csv,30,58.0,250.0,4.0,7,0x06,0xAA,,0,0,0,0,0,0.0,0,7,2,FRAME_LENGTH_ERROR
capture_0412.csv,30,145.0,100.0,10.0,7,0x0A,0xAA,,0,0,0,0,0,0.0,0,7,4,FRAME_LENGTH_ERROR
capture_0413.csv,32,147.5,100.0,10.0,8,0x0A,0xAA,0xAA,1,0,0,0,1,0.0,0,8,4,GLITCHED_CLOCK
capture_0414.csv,32,775.0,20.0,50.0,8,0x06,0xAA,0xAA,1,0,0,0,0,0.0,0,8,2,CLOCK_TOO_SLOW
capture_0415.csv,32,147.5,100.0,10.0,8,0x0A,0xAA,0xAA,1,0,0,0,1,0.0,0,8,4,GLITCHED_CLOCK
capture_0416.csv,32,31.0,500.0,2.0,8,0x05,0xAA,0xAA,1,0,0,0,0,0.0,0,8,3,CLOCK_TOO_FAST
capture_0417.csv,16,30.0,250.0,4.0,0,0x0A,0xAA,,0,0,0,0,0,,0,0,4,MISSING_ACK
capture_0418.csv,32,3100.0,5.0,200.0,8,0x05,0xAA,0xAA,1,0,0,0,0,0.0,0,8,3,CLOCK_TOO_SLOW
capture_0419.csv,32,62.0,250.0,4.0,8,0x06,0xAA,0x33,0,0,0,0,0,0.0,0,3,2,WRONG_RESPONSE
capture_0420.csv,32,251.299,77.000077000077,12.987,8,0x06,0xAA,0xAA,1,0,0,0,0,49.99999999999998,0,8,2,DELAYED_RESPONSE
capture_0421.csv,32,62.0,250.0,4.0,8,0x06,0xAA,0xAA,1,0,0,0,0,0.0,0,8,2,NORMAL
capture_0422.csv,16,30.0,250.0,4.0,0,0x06,0xAA,,0,0,0,0,0,,0,0,2,MISSING_ACK
capture_0423.csv,32,155.0,100.0,10.0,8,0x0A,0xAA,0x33,0,0,0,0,0,0.0,0,3,4,WRONG_RESPONSE
capture_0424.csv,30,145.0,100.0,10.0,7,0x06,0xAA,,0,0,0,0,0,0.0,0,7,2,FRAME_LENGTH_ERROR
capture_0425.csv,32,155.0,100.0,10.0,8,0x06,0xAA,0x55,0,1,0,0,0,0.0,0,7,2,BIT_ORDER_ERROR
capture_0426.csv,32,59.0,250.0,4.0,8,0x05,0xAA,0xAA,1,0,0,0,1,0.0,0,8,3,GLITCHED_CLOCK
capture_0427.csv,32,201.299,77.00007700007701,12.986999999999998,8,0x06,0xAA,0x33,0,0,0,0,0,0.0,0,3,2,WRONG_RESPONSE
capture_0428.csv,32,201.299,77.00007700007701,12.986999999999998,8,0x06,0xAA,0x00,0,0,0,1,0,0.0,0,1,2,MISO_STUCK_LOW
capture_0429.csv,32,231.299,77.000077000077,12.987,8,0x0A,0xAA,0xAA,1,0,0,0,0,29.99999999999998,0,8,4,DELAYED_RESPONSE
capture_0430.csv,32,201.299,77.00007700007701,12.986999999999998,8,0x06,0xAA,0x33,0,0,0,0,0,0.0,0,3,2,WRONG_RESPONSE
capture_0431.csv,32,201.299,77.00007700007701,12.986999999999998,8,0x06,0xAA,0xAA,1,0,0,0,0,0.0,0,8,2,NORMAL
capture_0432.csv,32,201.299,77.00007700007701,12.986999999999998,8,0x0A,0xAA,0x33,0,0,0,0,0,0.0,0,3,4,WRONG_RESPONSE
capture_0433.csv,32,59.0,250.0,4.0,8,0x05,0xAA,0xAA,1,0,0,0,1,0.0,0,8,3,GLITCHED_CLOCK
capture_0434.csv,32,191.558,77.00007700007703,12.986999999999995,8,0x0A,0xAA,0xAA,1,0,0,0,1,0.0,0,8,4,GLITCHED_CLOCK
capture_0435.csv,28,175.325,77.00007700007701,12.986999999999998,6,0x05,0xAA,,0,0,0,0,0,0.0,0,6,3,FRAME_LENGTH_ERROR
capture_0436.csv,32,191.558,77.00007700007703,12.986999999999995,8,0x06,0xAA,0xAA,1,0,0,0,1,0.0,0,8,2,GLITCHED_CLOCK
capture_0437.csv,32,201.299,77.00007700007701,12.986999999999998,8,0x06,0xAA,0xFF,0,0,1,0,0,0.0,0,0,2,MISO_STUCK_HIGH
capture_0438.csv,32,155.0,100.0,10.0,8,0x0A,0xAA,0x33,0,0,0,0,0,0.0,0,3,4,WRONG_RESPONSE
capture_0439.csv,32,155.0,100.0,10.0,8,0x06,0xAA,0x33,0,0,0,0,0,0.0,0,3,2,WRONG_RESPONSE
capture_0440.csv,30,58.0,250.0,4.0,7,0x05,0xAA,,0,0,0,0,0,0.0,0,7,3,FRAME_LENGTH_ERROR
capture_0441.csv,32,3100.0,5.0,200.0,8,0x05,0xAA,0xAA,1,0,0,0,0,0.0,0,8,3,CLOCK_TOO_SLOW
capture_0442.csv,32,3100.0,5.0,200.0,8,0x0A,0xAA,0xAA,1,0,0,0,0,0.0,0,8,4,CLOCK_TOO_SLOW
capture_0443.csv,32,201.299,77.00007700007701,12.986999999999998,8,0x06,0xAA,0xFF,0,0,1,0,0,0.0,0,0,2,MISO_STUCK_HIGH
capture_0444.csv,32,62.0,250.0,4.0,8,0x06,0xAA,0x55,0,1,0,0,0,0.0,0,7,2,BIT_ORDER_ERROR
capture_0445.csv,32,155.0,100.0,10.0,8,0x05,0xAA,0xAA,1,0,0,0,0,0.0,0,8,3,NORMAL
capture_0446.csv,32,62.0,250.0,4.0,8,0x06,0xAA,0x55,0,1,0,0,0,0.0,0,7,2,BIT_ORDER_ERROR
capture_0447.csv,32,15.5,1000.0,1.0,8,0x06,0xAA,0xAA,1,0,0,0,0,0.0,0,8,2,CLOCK_TOO_FAST
capture_0448.csv,32,112.0,250.0,4.0,8,0x06,0xAA,0xAA,1,0,0,0,0,50.0,0,8,2,DELAYED_RESPONSE
capture_0449.csv,32,62.0,250.0,4.0,8,0x0A,0xAA,0x55,0,1,0,0,0,0.0,0,7,4,BIT_ORDER_ERROR
capture_0450.csv,36,175.0,100.0,10.0,10,0x0A,0xAA,0xAA,1,0,0,0,0,0.0,0,10,4,FRAME_LENGTH_ERROR
capture_0451.csv,32,201.299,77.00007700007701,12.986999999999998,8,0x0A,0xAA,0x33,0,0,0,0,0,0.0,0,3,4,WRONG_RESPONSE
capture_0452.csv,32,155.0,100.0,10.0,8,0x0A,0xAA,0x55,0,1,0,0,0,0.0,0,7,4,BIT_ORDER_ERROR
capture_0453.csv,32,155.0,100.0,10.0,8,0x06,0xAA,0x00,0,0,0,1,0,0.0,0,1,2,MISO_STUCK_LOW
capture_0454.csv,32,3100.0,5.0,200.0,8,0x05,0xAA,0xAA,1,0,0,0,0,0.0,0,8,3,CLOCK_TOO_SLOW
capture_0455.csv,32,59.0,250.0,4.0,8,0x0A,0xAA,0xAA,1,0,0,0,1,0.0,0,8,4,GLITCHED_CLOCK
capture_0456.csv,32,59.0,250.0,4.0,8,0x0A,0xAA,0xAA,1,0,0,0,1,0.0,0,8,4,GLITCHED_CLOCK
capture_0457.csv,32,62.0,250.0,4.0,8,0x05,0xAA,0xAA,1,0,0,0,0,0.0,0,8,3,NORMAL
capture_0458.csv,32,20.667,750.1875468867215,1.3330000000000002,8,0x0A,0xAA,0xAA,1,0,0,0,0,0.0,0,8,4,CLOCK_TOO_FAST
capture_0459.csv,32,155.0,100.0,10.0,8,0x05,0xAA,0x00,0,0,0,1,0,0.0,0,1,3,MISO_STUCK_LOW
capture_0460.csv,32,155.0,100.0,10.0,8,0x05,0xAA,0x00,0,0,0,1,0,0.0,0,1,3,MISO_STUCK_LOW
capture_0461.csv,32,62.0,250.0,4.0,8,0x05,0xAA,0x55,0,1,0,0,0,0.0,0,7,3,BIT_ORDER_ERROR
capture_0462.csv,32,231.299,77.000077000077,12.987,8,0x0A,0xAA,0xAA,1,0,0,0,0,29.99999999999998,0,8,4,DELAYED_RESPONSE
capture_0463.csv,32,775.0,20.0,50.0,8,0x06,0xAA,0xAA,1,0,0,0,0,0.0,0,8,2,CLOCK_TOO_SLOW
capture_0464.csv,32,20.667,750.1875468867215,1.3330000000000002,8,0x06,0xAA,0xAA,1,0,0,0,0,0.0,0,8,2,CLOCK_TOO_FAST
capture_0465.csv,32,62.0,250.0,4.0,8,0x0A,0xAA,0x33,0,0,0,0,0,0.0,0,3,4,WRONG_RESPONSE
capture_0466.csv,32,92.0,250.0,4.0,8,0x0A,0xAA,0xAA,1,0,0,0,0,30.0,0,8,4,DELAYED_RESPONSE
capture_0467.csv,32,155.0,100.0,10.0,8,0x0A,0xAA,0x33,0,0,0,0,0,0.0,0,3,4,WRONG_RESPONSE
capture_0468.csv,32,92.0,250.0,4.0,8,0x0A,0xAA,0xAA,1,0,0,0,0,30.0,0,8,4,DELAYED_RESPONSE
capture_0469.csv,32,155.0,100.0,10.0,8,0x06,0xAA,0x55,0,1,0,0,0,0.0,0,7,2,BIT_ORDER_ERROR
capture_0470.csv,32,1550.0,10.0,100.0,8,0x0A,0xAA,0xAA,1,0,0,0,0,0.0,0,8,4,CLOCK_TOO_SLOW
capture_0471.csv,32,31.0,500.0,2.0,8,0x0A,0xAA,0xAA,1,0,0,0,0,0.0,0,8,4,CLOCK_TOO_FAST
capture_0472.csv,32,155.0,100.0,10.0,8,0x05,0xAA,0x55,0,1,0,0,0,0.0,0,7,3,BIT_ORDER_ERROR
capture_0473.csv,32,155.0,100.0,10.0,8,0x06,0xAA,0x00,0,0,0,1,0,0.0,0,1,2,MISO_STUCK_LOW
capture_0474.csv,32,20.667,750.1875468867215,1.3330000000000002,8,0x0A,0xAA,0xAA,1,0,0,0,0,0.0,0,8,4,CLOCK_TOO_FAST
capture_0475.csv,32,15.5,1000.0,1.0,8,0x06,0xAA,0xAA,1,0,0,0,0,0.0,0,8,2,CLOCK_TOO_FAST
capture_0476.csv,40,78.0,250.0,4.0,12,0x06,0xAA,0xFF,0,0,0,0,0,0.0,1,0,2,SPI_TIMEOUT
capture_0477.csv,16,97.403,77.000077000077,12.987,0,0x05,0xAA,,0,0,0,0,0,,0,0,3,MISSING_ACK
capture_0478.csv,32,155.0,100.0,10.0,8,0x0A,0xAA,0x55,0,1,0,0,0,0.0,0,7,4,BIT_ORDER_ERROR
capture_0479.csv,32,59.0,250.0,4.0,8,0x0A,0xAA,0xAA,1,0,0,0,1,0.0,0,8,4,GLITCHED_CLOCK
capture_0480.csv,32,62.0,250.0,4.0,8,0x0A,0xAA,0x33,0,0,0,0,0,0.0,0,3,4,WRONG_RESPONSE
capture_0481.csv,32,155.0,100.0,10.0,8,0x06,0xAA,0xAA,1,0,0,0,0,0.0,0,8,2,NORMAL
capture_0482.csv,32,142.0,250.0,4.0,8,0x05,0xAA,0xAA,1,0,0,0,0,80.0,0,8,3,DELAYED_RESPONSE
capture_0483.csv,32,112.0,250.0,4.0,8,0x0A,0xAA,0xAA,1,0,0,0,0,50.0,0,8,4,DELAYED_RESPONSE
capture_0484.csv,32,191.558,77.00007700007703,12.986999999999995,8,0x0A,0xAA,0xAA,1,0,0,0,1,0.0,0,8,4,GLITCHED_CLOCK
capture_0485.csv,16,30.0,250.0,4.0,0,0x05,0xAA,,0,0,0,0,0,,0,0,3,MISSING_ACK
capture_0486.csv,32,147.5,100.0,10.0,8,0x0A,0xAA,0xAA,1,0,0,0,1,0.0,0,8,4,GLITCHED_CLOCK
capture_0487.csv,32,191.558,77.00007700007703,12.986999999999995,8,0x05,0xAA,0xAA,1,0,0,0,1,0.0,0,8,3,GLITCHED_CLOCK
capture_0488.csv,32,251.299,77.000077000077,12.987,8,0x05,0xAA,0xAA,1,0,0,0,0,49.99999999999998,0,8,3,DELAYED_RESPONSE
capture_0489.csv,32,20.667,750.1875468867215,1.3330000000000002,8,0x05,0xAA,0xAA,1,0,0,0,0,0.0,0,8,3,CLOCK_TOO_FAST
capture_0490.csv,32,775.0,20.0,50.0,8,0x0A,0xAA,0xAA,1,0,0,0,0,0.0,0,8,4,CLOCK_TOO_SLOW
capture_0491.csv,16,97.403,77.000077000077,12.987,0,0x06,0xAA,,0,0,0,0,0,,0,0,2,MISSING_ACK
capture_0492.csv,36,227.273,77.00007700007703,12.986999999999995,10,0x06,0xAA,0xAA,1,0,0,0,0,0.0,0,10,2,FRAME_LENGTH_ERROR
capture_0493.csv,30,58.0,250.0,4.0,7,0x0A,0xAA,,0,0,0,0,0,0.0,0,7,4,FRAME_LENGTH_ERROR
capture_0494.csv,32,62.0,250.0,4.0,8,0x05,0xAA,0xFF,0,0,1,0,0,0.0,0,0,3,MISO_STUCK_HIGH
capture_0495.csv,32,201.299,77.00007700007701,12.986999999999998,8,0x05,0xAA,0xFF,0,0,1,0,0,0.0,0,0,3,MISO_STUCK_HIGH
capture_0496.csv,16,75.0,100.0,10.0,0,0x05,0xAA,,0,0,0,0,0,,0,0,3,MISSING_ACK
capture_0497.csv,32,201.299,77.00007700007701,12.986999999999998,8,0x06,0xAA,0xAA,1,0,0,0,0,0.0,0,8,2,NORMAL
capture_0498.csv,32,155.0,100.0,10.0,8,0x0A,0xAA,0x00,0,0,0,1,0,0.0,0,1,4,MISO_STUCK_LOW
capture_0499.csv,34,66.0,250.0,4.0,9,0x0A,0xAA,0xAA,1,0,0,0,0,0.0,0,9,4,FRAME_LENGTH_ERROR
capture_0500.csv,16,30.0,250.0,4.0,0,0x0A,0xAA,,0,0,0,0,0,,0,0,4,MISSING_ACK
