capture_id,filename,failure_type,command,expected_response,observed_response,clock_frequency_khz,response_delay_us,frame_length,clock_glitch
1,capture_0001.csv,MISSING_ACK,0x0A,0xAA,,100,0,0,0
2,capture_0002.csv,FRAME_LENGTH_ERROR,0x05,0xAA,0xAA,100,0,7,0
3,capture_0003.csv,CLOCK_TOO_SLOW,0x05,0xAA,0xAA,20,0,8,0
4,capture_0004.csv,GLITCHED_CLOCK,0x06,0xAA,0xAA,100,0,8,1
5,capture_0005.csv,SPI_TIMEOUT,0x05,0xAA,,77,0,0,0
6,capture_0006.csv,WRONG_RESPONSE,0x06,0xAA,0x33,250,0,8,0
7,capture_0007.csv,MISSING_ACK,0x0A,0xAA,,100,0,0,0
8,capture_0008.csv,GLITCHED_CLOCK,0x0A,0xAA,0xAA,77,0,8,1
9,capture_0009.csv,GLITCHED_CLOCK,0x0A,0xAA,0xAA,250,0,8,1
10,capture_0010.csv,NORMAL,0x06,0xAA,0xAA,100,0,8,0
11,capture_0011.csv,BIT_ORDER_ERROR,0x0A,0xAA,0x55,100,0,8,0
12,capture_0012.csv,BIT_ORDER_ERROR,0x0A,0xAA,0x55,77,0,8,0
13,capture_0013.csv,NORMAL,0x0A,0xAA,0xAA,250,0,8,0
14,capture_0014.csv,BIT_ORDER_ERROR,0x06,0xAA,0x55,100,0,8,0
15,capture_0015.csv,DELAYED_RESPONSE,0x06,0xAA,0xAA,250,50,8,0
16,capture_0016.csv,DELAYED_RESPONSE,0x05,0xAA,0xAA,100,30,8,0
17,capture_0017.csv,MISO_STUCK_HIGH,0x06,0xAA,0xAA,250,0,8,0
18,capture_0018.csv,MISO_STUCK_HIGH,0x06,0xAA,0xAA,77,0,8,0
19,capture_0019.csv,WRONG_RESPONSE,0x06,0xAA,0x33,100,0,8,0
20,capture_0020.csv,CLOCK_TOO_SLOW,0x05,0xAA,0xAA,5,0,8,0
21,capture_0021.csv,MISO_STUCK_HIGH,0x05,0xAA,0xAA,100,0,8,0
22,capture_0022.csv,FRAME_LENGTH_ERROR,0x0A,0xAA,0xAA,100,0,10,0
23,capture_0023.csv,CLOCK_TOO_SLOW,0x0A,0xAA,0xAA,20,0,8,0
24,capture_0024.csv,CLOCK_TOO_SLOW,0x05,0xAA,0xAA,10,0,8,0
25,capture_0025.csv,MISO_STUCK_LOW,0x0A,0xAA,0xAA,250,0,8,0
26,capture_0026.csv,NORMAL,0x05,0xAA,0xAA,77,0,8,0
27,capture_0027.csv,GLITCHED_CLOCK,0x05,0xAA,0xAA,250,0,8,1
28,capture_0028.csv,GLITCHED_CLOCK,0x0A,0xAA,0xAA,250,0,8,1
29,capture_0029.csv,SPI_TIMEOUT,0x05,0xAA,,77,0,0,0
30,capture_0030.csv,WRONG_RESPONSE,0x0A,0xAA,0x33,100,0,8,0
31,capture_0031.csv,MISSING_ACK,0x0A,0xAA,,100,0,0,0
32,capture_0032.csv,WRONG_RESPONSE,0x0A,0xAA,0x33,77,0,8,0
33,capture_0033.csv,CLOCK_TOO_SLOW,0x0A,0xAA,0xAA,20,0,8,0
34,capture_0034.csv,MISO_STUCK_LOW,0x0A,0xAA,0xAA,77,0,8,0
35,capture_0035.csv,WRONG_RESPONSE,0x06,0xAA,0x33,100,0,8,0
36,capture_0036.csv,WRONG_RESPONSE,0x06,0xAA,0x33,100,0,8,0
37,capture_0037.csv,CLOCK_TOO_SLOW,0x05,0xAA,0xAA,20,0,8,0
38,capture_0038.csv,CLOCK_TOO_FAST,0x0A,0xAA,0xAA,750,0,8,0
39,capture_0039.csv,CLOCK_TOO_SLOW,0x06,0xAA,0xAA,20,0,8,0
40,capture_0040.csv,BIT_ORDER_ERROR,0x06,0xAA,0x55,250,0,8,0
41,capture_0041.csv,GLITCHED_CLOCK,0x05,0xAA,0xAA,250,0,8,1
42,capture_0042.csv,SPI_TIMEOUT,0x0A,0xAA,,250,0,0,0
43,capture_0043.csv,FRAME_LENGTH_ERROR,0x06,0xAA,0xAA,100,0,10,0
44,capture_0044.csv,CLOCK_TOO_FAST,0x05,0xAA,0xAA,500,0,8,0
45,capture_0045.csv,NORMAL,0x0A,0xAA,0xAA,250,0,8,0
46,capture_0046.csv,MISO_STUCK_HIGH,0x0A,0xAA,0xAA,250,0,8,0
47,capture_0047.csv,WRONG_RESPONSE,0x05,0xAA,0x33,250,0,8,0
48,capture_0048.csv,WRONG_RESPONSE,0x06,0xAA,0x33,100,0,8,0
49,capture_0049.csv,CLOCK_TOO_FAST,0x0A,0xAA,0xAA,500,0,8,0
50,capture_0050.csv,FRAME_LENGTH_ERROR,0x0A,0xAA,0xAA,250,0,6,0
51,capture_0051.csv,MISO_STUCK_HIGH,0x05,0xAA,0xAA,250,0,8,0
52,capture_0052.csv,WRONG_RESPONSE,0x05,0xAA,0x33,77,0,8,0
53,capture_0053.csv,FRAME_LENGTH_ERROR,0x0A,0xAA,0xAA,100,0,6,0
54,capture_0054.csv,BIT_ORDER_ERROR,0x0A,0xAA,0x55,100,0,8,0
55,capture_0055.csv,GLITCHED_CLOCK,0x06,0xAA,0xAA,100,0,8,1
56,capture_0056.csv,MISSING_ACK,0x05,0xAA,,250,0,0,0
57,capture_0057.csv,FRAME_LENGTH_ERROR,0x0A,0xAA,0xAA,250,0,6,0
58,capture_0058.csv,MISO_STUCK_LOW,0x0A,0xAA,0xAA,250,0,8,0
59,capture_0059.csv,MISO_STUCK_LOW,0x0A,0xAA,0xAA,100,0,8,0
60,capture_0060.csv,NORMAL,0x06,0xAA,0xAA,100,0,8,0
61,capture_0061.csv,MISO_STUCK_LOW,0x05,0xAA,0xAA,250,0,8,0
62,capture_0062.csv,DELAYED_RESPONSE,0x05,0xAA,0xAA,250,50,8,0
63,capture_0063.csv,DELAYED_RESPONSE,0x0A,0xAA,0xAA,77,50,8,0
64,capture_0064.csv,NORMAL,0x0A,0xAA,0xAA,100,0,8,0
65,capture_0065.csv,WRONG_RESPONSE,0x0A,0xAA,0x33,250,0,8,0
66,capture_0066.csv,CLOCK_TOO_SLOW,0x06,0xAA,0xAA,10,0,8,0
67,capture_0067.csv,DELAYED_RESPONSE,0x05,0xAA,0xAA,77,30,8,0
68,capture_0068.csv,GLITCHED_CLOCK,0x05,0xAA,0xAA,100,0,8,1
69,capture_0069.csv,DELAYED_RESPONSE,0x06,0xAA,0xAA,250,80,8,0
70,capture_0070.csv,CLOCK_TOO_SLOW,0x05,0xAA,0xAA,10,0,8,0
71,capture_0071.csv,CLOCK_TOO_SLOW,0x0A,0xAA,0xAA,5,0,8,0
72,capture_0072.csv,CLOCK_TOO_FAST,0x0A,0xAA,0xAA,500,0,8,0
73,capture_0073.csv,MISO_STUCK_HIGH,0x05,0xAA,0xAA,250,0,8,0
74,capture_0074.csv,MISO_STUCK_HIGH,0x06,0xAA,0xAA,250,0,8,0
75,capture_0075.csv,DELAYED_RESPONSE,0x06,0xAA,0xAA,77,80,8,0
76,capture_0076.csv,NORMAL,0x06,0xAA,0xAA,250,0,8,0
77,capture_0077.csv,MISO_STUCK_LOW,0x06,0xAA,0xAA,100,0,8,0
78,capture_0078.csv,CLOCK_TOO_SLOW,0x0A,0xAA,0xAA,10,0,8,0
79,capture_0079.csv,FRAME_LENGTH_ERROR,0x05,0xAA,0xAA,77,0,6,0
80,capture_0080.csv,GLITCHED_CLOCK,0x05,0xAA,0xAA,100,0,8,1
81,capture_0081.csv,CLOCK_TOO_SLOW,0x05,0xAA,0xAA,10,0,8,0
82,capture_0082.csv,SPI_TIMEOUT,0x0A,0xAA,,250,0,0,0
83,capture_0083.csv,BIT_ORDER_ERROR,0x05,0xAA,0x55,100,0,8,0
84,capture_0084.csv,MISO_STUCK_HIGH,0x06,0xAA,0xAA,77,0,8,0
85,capture_0085.csv,NORMAL,0x06,0xAA,0xAA,100,0,8,0
86,capture_0086.csv,CLOCK_TOO_FAST,0x06,0xAA,0xAA,500,0,8,0
87,capture_0087.csv,SPI_TIMEOUT,0x05,0xAA,,250,0,0,0
88,capture_0088.csv,NORMAL,0x0A,0xAA,0xAA,250,0,8,0
89,capture_0089.csv,DELAYED_RESPONSE,0x06,0xAA,0xAA,250,50,8,0
90,capture_0090.csv,MISSING_ACK,0x0A,0xAA,,77,0,0,0
91,capture_0091.csv,MISSING_ACK,0x05,0xAA,,77,0,0,0
92,capture_0092.csv,MISSING_ACK,0x0A,0xAA,,250,0,0,0
93,capture_0093.csv,DELAYED_RESPONSE,0x06,0xAA,0xAA,77,80,8,0
94,capture_0094.csv,BIT_ORDER_ERROR,0x06,0xAA,0x55,100,0,8,0
95,capture_0095.csv,CLOCK_TOO_FAST,0x0A,0xAA,0xAA,500,0,8,0
96,capture_0096.csv,BIT_ORDER_ERROR,0x06,0xAA,0x55,100,0,8,0
97,capture_0097.csv,DELAYED_RESPONSE,0x06,0xAA,0xAA,100,50,8,0
98,capture_0098.csv,NORMAL,0x05,0xAA,0xAA,250,0,8,0
99,capture_0099.csv,GLITCHED_CLOCK,0x05,0xAA,0xAA,250,0,8,1
100,capture_0100.csv,MISO_STUCK_LOW,0x06,0xAA,0xAA,100,0,8,0
101,capture_0101.csv,MISSING_ACK,0x0A,0xAA,,250,0,0,0
102,capture_0102.csv,WRONG_RESPONSE,0x05,0xAA,0x33,77,0,8,0
103,capture_0103.csv,GLITCHED_CLOCK,0x06,0xAA,0xAA,250,0,8,1
104,capture_0104.csv,MISO_STUCK_HIGH,0x05,0xAA,0xAA,100,0,8,0
105,capture_0105.csv,DELAYED_RESPONSE,0x0A,0xAA,0xAA,250,50,8,0
106,capture_0106.csv,FRAME_LENGTH_ERROR,0x05,0xAA,0xAA,77,0,7,0
107,capture_0107.csv,CLOCK_TOO_FAST,0x05,0xAA,0xAA,500,0,8,0
108,capture_0108.csv,MISO_STUCK_LOW,0x05,0xAA,0xAA,77,0,8,0
109,capture_0109.csv,MISO_STUCK_LOW,0x06,0xAA,0xAA,77,0,8,0
110,capture_0110.csv,MISO_STUCK_LOW,0x05,0xAA,0xAA,77,0,8,0
111,capture_0111.csv,MISO_STUCK_HIGH,0x0A,0xAA,0xAA,250,0,8,0
112,capture_0112.csv,GLITCHED_CLOCK,0x0A,0xAA,0xAA,250,0,8,1
113,capture_0113.csv,BIT_ORDER_ERROR,0x05,0xAA,0x55,77,0,8,0
114,capture_0114.csv,DELAYED_RESPONSE,0x0A,0xAA,0xAA,77,80,8,0
115,capture_0115.csv,CLOCK_TOO_SLOW,0x05,0xAA,0xAA,20,0,8,0
116,capture_0116.csv,CLOCK_TOO_FAST,0x06,0xAA,0xAA,500,0,8,0
117,capture_0117.csv,DELAYED_RESPONSE,0x0A,0xAA,0xAA,100,30,8,0
118,capture_0118.csv,BIT_ORDER_ERROR,0x06,0xAA,0x55,100,0,8,0
119,capture_0119.csv,FRAME_LENGTH_ERROR,0x06,0xAA,0xAA,100,0,10,0
120,capture_0120.csv,MISO_STUCK_HIGH,0x06,0xAA,0xAA,250,0,8,0
121,capture_0121.csv,FRAME_LENGTH_ERROR,0x05,0xAA,0xAA,250,0,10,0
122,capture_0122.csv,NORMAL,0x0A,0xAA,0xAA,77,0,8,0
123,capture_0123.csv,CLOCK_TOO_FAST,0x0A,0xAA,0xAA,500,0,8,0
124,capture_0124.csv,GLITCHED_CLOCK,0x06,0xAA,0xAA,77,0,8,1
125,capture_0125.csv,MISO_STUCK_HIGH,0x05,0xAA,0xAA,100,0,8,0
126,capture_0126.csv,MISO_STUCK_HIGH,0x05,0xAA,0xAA,250,0,8,0
127,capture_0127.csv,NORMAL,0x0A,0xAA,0xAA,77,0,8,0
128,capture_0128.csv,MISSING_ACK,0x0A,0xAA,,250,0,0,0
129,capture_0129.csv,WRONG_RESPONSE,0x06,0xAA,0x33,250,0,8,0
130,capture_0130.csv,BIT_ORDER_ERROR,0x0A,0xAA,0x55,250,0,8,0
131,capture_0131.csv,MISO_STUCK_LOW,0x05,0xAA,0xAA,100,0,8,0
132,capture_0132.csv,MISO_STUCK_HIGH,0x06,0xAA,0xAA,77,0,8,0
133,capture_0133.csv,NORMAL,0x05,0xAA,0xAA,100,0,8,0
134,capture_0134.csv,FRAME_LENGTH_ERROR,0x05,0xAA,0xAA,100,0,10,0
135,capture_0135.csv,SPI_TIMEOUT,0x06,0xAA,,100,0,0,0
136,capture_0136.csv,MISO_STUCK_HIGH,0x0A,0xAA,0xAA,250,0,8,0
137,capture_0137.csv,DELAYED_RESPONSE,0x0A,0xAA,0xAA,77,30,8,0
138,capture_0138.csv,MISO_STUCK_LOW,0x05,0xAA,0xAA,77,0,8,0
139,capture_0139.csv,FRAME_LENGTH_ERROR,0x05,0xAA,0xAA,100,0,9,0
140,capture_0140.csv,CLOCK_TOO_FAST,0x05,0xAA,0xAA,750,0,8,0
141,capture_0141.csv,BIT_ORDER_ERROR,0x0A,0xAA,0x55,77,0,8,0
142,capture_0142.csv,MISO_STUCK_LOW,0x0A,0xAA,0xAA,100,0,8,0
143,capture_0143.csv,CLOCK_TOO_FAST,0x0A,0xAA,0xAA,750,0,8,0
144,capture_0144.csv,DELAYED_RESPONSE,0x0A,0xAA,0xAA,77,30,8,0
145,capture_0145.csv,MISO_STUCK_LOW,0x06,0xAA,0xAA,77,0,8,0
146,capture_0146.csv,CLOCK_TOO_SLOW,0x06,0xAA,0xAA,10,0,8,0
147,capture_0147.csv,SPI_TIMEOUT,0x05,0xAA,,250,0,0,0
148,capture_0148.csv,MISSING_ACK,0x05,0xAA,,250,0,0,0
149,capture_0149.csv,GLITCHED_CLOCK,0x06,0xAA,0xAA,77,0,8,1
150,capture_0150.csv,SPI_TIMEOUT,0x05,0xAA,,250,0,0,0
151,capture_0151.csv,NORMAL,0x06,0xAA,0xAA,77,0,8,0
152,capture_0152.csv,MISO_STUCK_HIGH,0x06,0xAA,0xAA,100,0,8,0
153,capture_0153.csv,NORMAL,0x06,0xAA,0xAA,100,0,8,0
154,capture_0154.csv,WRONG_RESPONSE,0x06,0xAA,0x33,250,0,8,0
155,capture_0155.csv,DELAYED_RESPONSE,0x0A,0xAA,0xAA,77,80,8,0
156,capture_0156.csv,DELAYED_RESPONSE,0x06,0xAA,0xAA,250,30,8,0
157,capture_0157.csv,MISO_STUCK_LOW,0x05,0xAA,0xAA,100,0,8,0
158,capture_0158.csv,MISO_STUCK_LOW,0x05,0xAA,0xAA,100,0,8,0
159,capture_0159.csv,MISO_STUCK_HIGH,0x0A,0xAA,0xAA,77,0,8,0
160,capture_0160.csv,CLOCK_TOO_SLOW,0x0A,0xAA,0xAA,10,0,8,0
161,capture_0161.csv,NORMAL,0x05,0xAA,0xAA,77,0,8,0
162,capture_0162.csv,NORMAL,0x06,0xAA,0xAA,100,0,8,0
163,capture_0163.csv,GLITCHED_CLOCK,0x05,0xAA,0xAA,250,0,8,1
164,capture_0164.csv,BIT_ORDER_ERROR,0x0A,0xAA,0x55,100,0,8,0
165,capture_0165.csv,MISO_STUCK_LOW,0x06,0xAA,0xAA,77,0,8,0
166,capture_0166.csv,SPI_TIMEOUT,0x0A,0xAA,,77,0,0,0
167,capture_0167.csv,CLOCK_TOO_FAST,0x05,0xAA,0xAA,500,0,8,0
168,capture_0168.csv,BIT_ORDER_ERROR,0x0A,0xAA,0x55,100,0,8,0
169,capture_0169.csv,WRONG_RESPONSE,0x06,0xAA,0x33,77,0,8,0
170,capture_0170.csv,GLITCHED_CLOCK,0x05,0xAA,0xAA,100,0,8,1
171,capture_0171.csv,NORMAL,0x05,0xAA,0xAA,77,0,8,0
172,capture_0172.csv,SPI_TIMEOUT,0x06,0xAA,,77,0,0,0
173,capture_0173.csv,DELAYED_RESPONSE,0x05,0xAA,0xAA,250,30,8,0
174,capture_0174.csv,CLOCK_TOO_FAST,0x05,0xAA,0xAA,500,0,8,0
175,capture_0175.csv,DELAYED_RESPONSE,0x06,0xAA,0xAA,250,50,8,0
176,capture_0176.csv,NORMAL,0x05,0xAA,0xAA,250,0,8,0
177,capture_0177.csv,WRONG_RESPONSE,0x05,0xAA,0x33,100,0,8,0
178,capture_0178.csv,MISO_STUCK_HIGH,0x0A,0xAA,0xAA,100,0,8,0
179,capture_0179.csv,GLITCHED_CLOCK,0x05,0xAA,0xAA,77,0,8,1
180,capture_0180.csv,MISO_STUCK_HIGH,0x05,0xAA,0xAA,100,0,8,0
181,capture_0181.csv,MISO_STUCK_HIGH,0x05,0xAA,0xAA,250,0,8,0
182,capture_0182.csv,MISO_STUCK_LOW,0x05,0xAA,0xAA,77,0,8,0
183,capture_0183.csv,CLOCK_TOO_SLOW,0x06,0xAA,0xAA,10,0,8,0
184,capture_0184.csv,DELAYED_RESPONSE,0x0A,0xAA,0xAA,77,80,8,0
185,capture_0185.csv,WRONG_RESPONSE,0x05,0xAA,0x33,250,0,8,0
186,capture_0186.csv,MISSING_ACK,0x05,0xAA,,77,0,0,0
187,capture_0187.csv,CLOCK_TOO_FAST,0x06,0xAA,0xAA,750,0,8,0
188,capture_0188.csv,BIT_ORDER_ERROR,0x0A,0xAA,0x55,100,0,8,0
189,capture_0189.csv,MISO_STUCK_LOW,0x0A,0xAA,0xAA,77,0,8,0
190,capture_0190.csv,MISO_STUCK_LOW,0x0A,0xAA,0xAA,250,0,8,0
191,capture_0191.csv,BIT_ORDER_ERROR,0x0A,0xAA,0x55,100,0,8,0
192,capture_0192.csv,MISO_STUCK_LOW,0x0A,0xAA,0xAA,77,0,8,0
193,capture_0193.csv,MISO_STUCK_LOW,0x0A,0xAA,0xAA,250,0,8,0
194,capture_0194.csv,CLOCK_TOO_SLOW,0x05,0xAA,0xAA,5,0,8,0
195,capture_0195.csv,DELAYED_RESPONSE,0x0A,0xAA,0xAA,100,80,8,0
196,capture_0196.csv,MISSING_ACK,0x0A,0xAA,,250,0,0,0
197,capture_0197.csv,MISO_STUCK_LOW,0x05,0xAA,0xAA,250,0,8,0
198,capture_0198.csv,MISO_STUCK_LOW,0x06,0xAA,0xAA,100,0,8,0
199,capture_0199.csv,NORMAL,0x05,0xAA,0xAA,77,0,8,0
200,capture_0200.csv,FRAME_LENGTH_ERROR,0x0A,0xAA,0xAA,100,0,9,0
201,capture_0201.csv,MISO_STUCK_HIGH,0x05,0xAA,0xAA,250,0,8,0
202,capture_0202.csv,NORMAL,0x06,0xAA,0xAA,100,0,8,0
203,capture_0203.csv,CLOCK_TOO_SLOW,0x06,0xAA,0xAA,20,0,8,0
204,capture_0204.csv,CLOCK_TOO_FAST,0x06,0xAA,0xAA,750,0,8,0
205,capture_0205.csv,CLOCK_TOO_FAST,0x06,0xAA,0xAA,500,0,8,0
206,capture_0206.csv,MISO_STUCK_LOW,0x0A,0xAA,0xAA,77,0,8,0
207,capture_0207.csv,WRONG_RESPONSE,0x06,0xAA,0x33,77,0,8,0
208,capture_0208.csv,CLOCK_TOO_SLOW,0x05,0xAA,0xAA,5,0,8,0
209,capture_0209.csv,DELAYED_RESPONSE,0x06,0xAA,0xAA,100,30,8,0
210,capture_0210.csv,MISSING_ACK,0x05,0xAA,,100,0,0,0
211,capture_0211.csv,WRONG_RESPONSE,0x0A,0xAA,0x33,100,0,8,0
212,capture_0212.csv,DELAYED_RESPONSE,0x06,0xAA,0xAA,250,80,8,0
213,capture_0213.csv,NORMAL,0x06,0xAA,0xAA,77,0,8,0
214,capture_0214.csv,MISSING_ACK,0x06,0xAA,,77,0,0,0
215,capture_0215.csv,MISO_STUCK_LOW,0x06,0xAA,0xAA,77,0,8,0
216,capture_0216.csv,SPI_TIMEOUT,0x06,0xAA,,77,0,0,0
217,capture_0217.csv,MISO_STUCK_HIGH,0x0A,0xAA,0xAA,250,0,8,0
218,capture_0218.csv,BIT_ORDER_ERROR,0x0A,0xAA,0x55,250,0,8,0
219,capture_0219.csv,DELAYED_RESPONSE,0x06,0xAA,0xAA,100,80,8,0
220,capture_0220.csv,MISO_STUCK_LOW,0x05,0xAA,0xAA,100,0,8,0
221,capture_0221.csv,MISO_STUCK_HIGH,0x0A,0xAA,0xAA,100,0,8,0
222,capture_0222.csv,MISSING_ACK,0x06,0xAA,,100,0,0,0
223,capture_0223.csv,CLOCK_TOO_FAST,0x0A,0xAA,0xAA,750,0,8,0
224,capture_0224.csv,MISO_STUCK_LOW,0x05,0xAA,0xAA,100,0,8,0
225,capture_0225.csv,WRONG_RESPONSE,0x06,0xAA,0x33,250,0,8,0
226,capture_0226.csv,WRONG_RESPONSE,0x06,0xAA,0x33,250,0,8,0
227,capture_0227.csv,CLOCK_TOO_SLOW,0x05,0xAA,0xAA,20,0,8,0
228,capture_0228.csv,SPI_TIMEOUT,0x06,0xAA,,250,0,0,0
229,capture_0229.csv,MISSING_ACK,0x05,0xAA,,100,0,0,0
230,capture_0230.csv,MISO_STUCK_HIGH,0x0A,0xAA,0xAA,100,0,8,0
231,capture_0231.csv,MISSING_ACK,0x06,0xAA,,77,0,0,0
232,capture_0232.csv,GLITCHED_CLOCK,0x0A,0xAA,0xAA,100,0,8,1
233,capture_0233.csv,MISSING_ACK,0x06,0xAA,,100,0,0,0
234,capture_0234.csv,BIT_ORDER_ERROR,0x0A,0xAA,0x55,250,0,8,0
235,capture_0235.csv,BIT_ORDER_ERROR,0x06,0xAA,0x55,100,0,8,0
236,capture_0236.csv,SPI_TIMEOUT,0x0A,0xAA,,77,0,0,0
237,capture_0237.csv,BIT_ORDER_ERROR,0x05,0xAA,0x55,250,0,8,0
238,capture_0238.csv,DELAYED_RESPONSE,0x06,0xAA,0xAA,77,80,8,0
239,capture_0239.csv,BIT_ORDER_ERROR,0x05,0xAA,0x55,100,0,8,0
240,capture_0240.csv,MISSING_ACK,0x0A,0xAA,,77,0,0,0
241,capture_0241.csv,NORMAL,0x06,0xAA,0xAA,77,0,8,0
242,capture_0242.csv,NORMAL,0x05,0xAA,0xAA,77,0,8,0
243,capture_0243.csv,CLOCK_TOO_SLOW,0x06,0xAA,0xAA,20,0,8,0
244,capture_0244.csv,MISSING_ACK,0x06,0xAA,,250,0,0,0
245,capture_0245.csv,MISSING_ACK,0x05,0xAA,,250,0,0,0
246,capture_0246.csv,SPI_TIMEOUT,0x06,0xAA,,100,0,0,0
247,capture_0247.csv,WRONG_RESPONSE,0x0A,0xAA,0x33,100,0,8,0
248,capture_0248.csv,SPI_TIMEOUT,0x0A,0xAA,,250,0,0,0
249,capture_0249.csv,CLOCK_TOO_SLOW,0x06,0xAA,0xAA,5,0,8,0
250,capture_0250.csv,WRONG_RESPONSE,0x05,0xAA,0x33,100,0,8,0
251,capture_0251.csv,BIT_ORDER_ERROR,0x05,0xAA,0x55,100,0,8,0
252,capture_0252.csv,MISO_STUCK_HIGH,0x06,0xAA,0xAA,77,0,8,0
253,capture_0253.csv,DELAYED_RESPONSE,0x05,0xAA,0xAA,250,50,8,0
254,capture_0254.csv,MISO_STUCK_HIGH,0x06,0xAA,0xAA,100,0,8,0
255,capture_0255.csv,FRAME_LENGTH_ERROR,0x05,0xAA,0xAA,250,0,10,0
256,capture_0256.csv,NORMAL,0x06,0xAA,0xAA,77,0,8,0
257,capture_0257.csv,WRONG_RESPONSE,0x0A,0xAA,0x33,250,0,8,0
258,capture_0258.csv,MISO_STUCK_HIGH,0x06,0xAA,0xAA,77,0,8,0
259,capture_0259.csv,MISO_STUCK_HIGH,0x06,0xAA,0xAA,250,0,8,0
260,capture_0260.csv,MISO_STUCK_HIGH,0x06,0xAA,0xAA,100,0,8,0
261,capture_0261.csv,CLOCK_TOO_FAST,0x0A,0xAA,0xAA,500,0,8,0
262,capture_0262.csv,MISO_STUCK_LOW,0x05,0xAA,0xAA,77,0,8,0
263,capture_0263.csv,DELAYED_RESPONSE,0x06,0xAA,0xAA,100,80,8,0
264,capture_0264.csv,DELAYED_RESPONSE,0x06,0xAA,0xAA,100,30,8,0
265,capture_0265.csv,WRONG_RESPONSE,0x06,0xAA,0x33,77,0,8,0
266,capture_0266.csv,SPI_TIMEOUT,0x05,0xAA,,100,0,0,0
267,capture_0267.csv,MISO_STUCK_HIGH,0x0A,0xAA,0xAA,77,0,8,0
268,capture_0268.csv,CLOCK_TOO_FAST,0x0A,0xAA,0xAA,750,0,8,0
269,capture_0269.csv,SPI_TIMEOUT,0x06,0xAA,,250,0,0,0
270,capture_0270.csv,MISSING_ACK,0x05,0xAA,,77,0,0,0
271,capture_0271.csv,MISO_STUCK_LOW,0x0A,0xAA,0xAA,100,0,8,0
272,capture_0272.csv,CLOCK_TOO_SLOW,0x05,0xAA,0xAA,10,0,8,0
273,capture_0273.csv,CLOCK_TOO_SLOW,0x06,0xAA,0xAA,10,0,8,0
274,capture_0274.csv,GLITCHED_CLOCK,0x06,0xAA,0xAA,100,0,8,1
275,capture_0275.csv,BIT_ORDER_ERROR,0x05,0xAA,0x55,250,0,8,0
276,capture_0276.csv,NORMAL,0x0A,0xAA,0xAA,250,0,8,0
277,capture_0277.csv,CLOCK_TOO_FAST,0x0A,0xAA,0xAA,1000,0,8,0
278,capture_0278.csv,GLITCHED_CLOCK,0x0A,0xAA,0xAA,77,0,8,1
279,capture_0279.csv,MISO_STUCK_HIGH,0x05,0xAA,0xAA,250,0,8,0
280,capture_0280.csv,FRAME_LENGTH_ERROR,0x0A,0xAA,0xAA,100,0,7,0
281,capture_0281.csv,CLOCK_TOO_SLOW,0x05,0xAA,0xAA,5,0,8,0
282,capture_0282.csv,GLITCHED_CLOCK,0x0A,0xAA,0xAA,100,0,8,1
283,capture_0283.csv,BIT_ORDER_ERROR,0x05,0xAA,0x55,250,0,8,0
284,capture_0284.csv,SPI_TIMEOUT,0x06,0xAA,,250,0,0,0
285,capture_0285.csv,MISO_STUCK_LOW,0x06,0xAA,0xAA,77,0,8,0
286,capture_0286.csv,MISO_STUCK_HIGH,0x05,0xAA,0xAA,100,0,8,0
287,capture_0287.csv,GLITCHED_CLOCK,0x0A,0xAA,0xAA,77,0,8,1
288,capture_0288.csv,WRONG_RESPONSE,0x06,0xAA,0x33,77,0,8,0
289,capture_0289.csv,MISO_STUCK_LOW,0x0A,0xAA,0xAA,250,0,8,0
290,capture_0290.csv,MISO_STUCK_LOW,0x05,0xAA,0xAA,250,0,8,0
291,capture_0291.csv,MISSING_ACK,0x05,0xAA,,100,0,0,0
292,capture_0292.csv,CLOCK_TOO_SLOW,0x0A,0xAA,0xAA,10,0,8,0
293,capture_0293.csv,MISO_STUCK_HIGH,0x06,0xAA,0xAA,77,0,8,0
294,capture_0294.csv,MISO_STUCK_HIGH,0x05,0xAA,0xAA,100,0,8,0
295,capture_0295.csv,DELAYED_RESPONSE,0x0A,0xAA,0xAA,250,80,8,0
296,capture_0296.csv,SPI_TIMEOUT,0x05,0xAA,,250,0,0,0
297,capture_0297.csv,DELAYED_RESPONSE,0x05,0xAA,0xAA,250,80,8,0
298,capture_0298.csv,BIT_ORDER_ERROR,0x06,0xAA,0x55,100,0,8,0
299,capture_0299.csv,FRAME_LENGTH_ERROR,0x06,0xAA,0xAA,100,0,7,0
300,capture_0300.csv,CLOCK_TOO_SLOW,0x06,0xAA,0xAA,5,0,8,0
301,capture_0301.csv,CLOCK_TOO_SLOW,0x0A,0xAA,0xAA,10,0,8,0
302,capture_0302.csv,WRONG_RESPONSE,0x0A,0xAA,0x33,100,0,8,0
303,capture_0303.csv,GLITCHED_CLOCK,0x0A,0xAA,0xAA,100,0,8,1
304,capture_0304.csv,SPI_TIMEOUT,0x05,0xAA,,250,0,0,0
305,capture_0305.csv,MISO_STUCK_HIGH,0x0A,0xAA,0xAA,250,0,8,0
306,capture_0306.csv,FRAME_LENGTH_ERROR,0x05,0xAA,0xAA,250,0,6,0
307,capture_0307.csv,BIT_ORDER_ERROR,0x06,0xAA,0x55,77,0,8,0
308,capture_0308.csv,MISO_STUCK_LOW,0x05,0xAA,0xAA,100,0,8,0
309,capture_0309.csv,MISSING_ACK,0x0A,0xAA,,77,0,0,0
310,capture_0310.csv,SPI_TIMEOUT,0x0A,0xAA,,250,0,0,0
311,capture_0311.csv,MISO_STUCK_HIGH,0x0A,0xAA,0xAA,77,0,8,0
312,capture_0312.csv,CLOCK_TOO_FAST,0x05,0xAA,0xAA,1000,0,8,0
313,capture_0313.csv,MISO_STUCK_HIGH,0x06,0xAA,0xAA,250,0,8,0
314,capture_0314.csv,MISO_STUCK_HIGH,0x0A,0xAA,0xAA,77,0,8,0
315,capture_0315.csv,DELAYED_RESPONSE,0x0A,0xAA,0xAA,77,50,8,0
316,capture_0316.csv,CLOCK_TOO_SLOW,0x0A,0xAA,0xAA,5,0,8,0
317,capture_0317.csv,WRONG_RESPONSE,0x05,0xAA,0x33,100,0,8,0
318,capture_0318.csv,FRAME_LENGTH_ERROR,0x06,0xAA,0xAA,100,0,6,0
319,capture_0319.csv,NORMAL,0x0A,0xAA,0xAA,100,0,8,0
320,capture_0320.csv,MISSING_ACK,0x0A,0xAA,,250,0,0,0
321,capture_0321.csv,GLITCHED_CLOCK,0x06,0xAA,0xAA,250,0,8,1
322,capture_0322.csv,CLOCK_TOO_SLOW,0x0A,0xAA,0xAA,20,0,8,0
323,capture_0323.csv,FRAME_LENGTH_ERROR,0x06,0xAA,0xAA,250,0,10,0
324,capture_0324.csv,GLITCHED_CLOCK,0x05,0xAA,0xAA,100,0,8,1
325,capture_0325.csv,CLOCK_TOO_FAST,0x0A,0xAA,0xAA,500,0,8,0
326,capture_0326.csv,FRAME_LENGTH_ERROR,0x06,0xAA,0xAA,100,0,9,0
327,capture_0327.csv,WRONG_RESPONSE,0x0A,0xAA,0x33,250,0,8,0
328,capture_0328.csv,SPI_TIMEOUT,0x06,0xAA,,100,0,0,0
329,capture_0329.csv,CLOCK_TOO_FAST,0x06,0xAA,0xAA,1000,0,8,0
330,capture_0330.csv,MISSING_ACK,0x0A,0xAA,,100,0,0,0
331,capture_0331.csv,NORMAL,0x06,0xAA,0xAA,100,0,8,0
332,capture_0332.csv,FRAME_LENGTH_ERROR,0x06,0xAA,0xAA,250,0,9,0
333,capture_0333.csv,SPI_TIMEOUT,0x05,0xAA,,250,0,0,0
334,capture_0334.csv,MISSING_ACK,0x05,0xAA,,250,0,0,0
335,capture_0335.csv,BIT_ORDER_ERROR,0x05,0xAA,0x55,250,0,8,0
336,capture_0336.csv,MISO_STUCK_HIGH,0x06,0xAA,0xAA,100,0,8,0
337,capture_0337.csv,NORMAL,0x0A,0xAA,0xAA,77,0,8,0
338,capture_0338.csv,CLOCK_TOO_SLOW,0x0A,0xAA,0xAA,5,0,8,0
339,capture_0339.csv,SPI_TIMEOUT,0x06,0xAA,,250,0,0,0
340,capture_0340.csv,BIT_ORDER_ERROR,0x05,0xAA,0x55,77,0,8,0
341,capture_0341.csv,CLOCK_TOO_SLOW,0x06,0xAA,0xAA,5,0,8,0
342,capture_0342.csv,MISO_STUCK_LOW,0x05,0xAA,0xAA,77,0,8,0
343,capture_0343.csv,CLOCK_TOO_FAST,0x06,0xAA,0xAA,750,0,8,0
344,capture_0344.csv,GLITCHED_CLOCK,0x0A,0xAA,0xAA,100,0,8,1
345,capture_0345.csv,CLOCK_TOO_SLOW,0x0A,0xAA,0xAA,5,0,8,0
346,capture_0346.csv,CLOCK_TOO_FAST,0x0A,0xAA,0xAA,1000,0,8,0
347,capture_0347.csv,SPI_TIMEOUT,0x05,0xAA,,250,0,0,0
348,capture_0348.csv,GLITCHED_CLOCK,0x05,0xAA,0xAA,77,0,8,1
349,capture_0349.csv,NORMAL,0x05,0xAA,0xAA,100,0,8,0
350,capture_0350.csv,WRONG_RESPONSE,0x06,0xAA,0x33,77,0,8,0
351,capture_0351.csv,DELAYED_RESPONSE,0x0A,0xAA,0xAA,250,50,8,0
352,capture_0352.csv,GLITCHED_CLOCK,0x05,0xAA,0xAA,100,0,8,1
353,capture_0353.csv,CLOCK_TOO_SLOW,0x0A,0xAA,0xAA,20,0,8,0
354,capture_0354.csv,MISO_STUCK_HIGH,0x06,0xAA,0xAA,250,0,8,0
355,capture_0355.csv,SPI_TIMEOUT,0x06,0xAA,,250,0,0,0
356,capture_0356.csv,WRONG_RESPONSE,0x06,0xAA,0x33,77,0,8,0
357,capture_0357.csv,BIT_ORDER_ERROR,0x0A,0xAA,0x55,100,0,8,0
358,capture_0358.csv,CLOCK_TOO_SLOW,0x0A,0xAA,0xAA,10,0,8,0
359,capture_0359.csv,CLOCK_TOO_SLOW,0x06,0xAA,0xAA,5,0,8,0
360,capture_0360.csv,MISSING_ACK,0x06,0xAA,,250,0,0,0
361,capture_0361.csv,CLOCK_TOO_SLOW,0x05,0xAA,0xAA,10,0,8,0
362,capture_0362.csv,BIT_ORDER_ERROR,0x0A,0xAA,0x55,77,0,8,0
363,capture_0363.csv,MISSING_ACK,0x05,0xAA,,250,0,0,0
364,capture_0364.csv,MISO_STUCK_LOW,0x05,0xAA,0xAA,100,0,8,0
365,capture_0365.csv,NORMAL,0x06,0xAA,0xAA,100,0,8,0
366,capture_0366.csv,CLOCK_TOO_FAST,0x0A,0xAA,0xAA,750,0,8,0
367,capture_0367.csv,MISSING_ACK,0x0A,0xAA,,100,0,0,0
368,capture_0368.csv,MISSING_ACK,0x06,0xAA,,250,0,0,0
369,capture_0369.csv,SPI_TIMEOUT,0x05,0xAA,,100,0,0,0
370,capture_0370.csv,MISSING_ACK,0x06,0xAA,,100,0,0,0
371,capture_0371.csv,MISSING_ACK,0x06,0xAA,,100,0,0,0
372,capture_0372.csv,CLOCK_TOO_FAST,0x0A,0xAA,0xAA,1000,0,8,0
373,capture_0373.csv,WRONG_RESPONSE,0x05,0xAA,0x33,250,0,8,0
374,capture_0374.csv,MISO_STUCK_HIGH,0x05,0xAA,0xAA,77,0,8,0
375,capture_0375.csv,WRONG_RESPONSE,0x05,0xAA,0x33,77,0,8,0
376,capture_0376.csv,CLOCK_TOO_SLOW,0x05,0xAA,0xAA,5,0,8,0
377,capture_0377.csv,MISO_STUCK_LOW,0x0A,0xAA,0xAA,250,0,8,0
378,capture_0378.csv,MISSING_ACK,0x05,0xAA,,77,0,0,0
379,capture_0379.csv,BIT_ORDER_ERROR,0x06,0xAA,0x55,250,0,8,0
380,capture_0380.csv,MISO_STUCK_LOW,0x06,0xAA,0xAA,77,0,8,0
381,capture_0381.csv,FRAME_LENGTH_ERROR,0x06,0xAA,0xAA,100,0,7,0
382,capture_0382.csv,MISSING_ACK,0x05,0xAA,,77,0,0,0
383,capture_0383.csv,GLITCHED_CLOCK,0x06,0xAA,0xAA,100,0,8,1
384,capture_0384.csv,MISO_STUCK_HIGH,0x05,0xAA,0xAA,100,0,8,0
385,capture_0385.csv,FRAME_LENGTH_ERROR,0x05,0xAA,0xAA,100,0,6,0
386,capture_0386.csv,MISSING_ACK,0x0A,0xAA,,250,0,0,0
387,capture_0387.csv,DELAYED_RESPONSE,0x06,0xAA,0xAA,100,80,8,0
388,capture_0388.csv,MISSING_ACK,0x0A,0xAA,,250,0,0,0
389,capture_0389.csv,CLOCK_TOO_FAST,0x06,0xAA,0xAA,500,0,8,0
390,capture_0390.csv,MISO_STUCK_HIGH,0x0A,0xAA,0xAA,77,0,8,0
391,capture_0391.csv,WRONG_RESPONSE,0x0A,0xAA,0x33,77,0,8,0
392,capture_0392.csv,NORMAL,0x06,0xAA,0xAA,250,0,8,0
393,capture_0393.csv,MISO_STUCK_HIGH,0x06,0xAA,0xAA,100,0,8,0
394,capture_0394.csv,WRONG_RESPONSE,0x0A,0xAA,0x33,100,0,8,0
395,capture_0395.csv,WRONG_RESPONSE,0x06,0xAA,0x33,100,0,8,0
396,capture_0396.csv,MISO_STUCK_LOW,0x06,0xAA,0xAA,100,0,8,0
397,capture_0397.csv,GLITCHED_CLOCK,0x06,0xAA,0xAA,250,0,8,1
398,capture_0398.csv,FRAME_LENGTH_ERROR,0x05,0xAA,0xAA,77,0,7,0
399,capture_0399.csv,DELAYED_RESPONSE,0x06,0xAA,0xAA,100,30,8,0
400,capture_0400.csv,MISO_STUCK_LOW,0x06,0xAA,0xAA,77,0,8,0
401,capture_0401.csv,MISSING_ACK,0x0A,0xAA,,100,0,0,0
402,capture_0402.csv,MISO_STUCK_HIGH,0x06,0xAA,0xAA,77,0,8,0
403,capture_0403.csv,NORMAL,0x0A,0xAA,0xAA,100,0,8,0
404,capture_0404.csv,BIT_ORDER_ERROR,0x0A,0xAA,0x55,77,0,8,0
405,capture_0405.csv,WRONG_RESPONSE,0x0A,0xAA,0x33,100,0,8,0
406,capture_0406.csv,GLITCHED_CLOCK,0x06,0xAA,0xAA,100,0,8,1
407,capture_0407.csv,MISSING_ACK,0x05,0xAA,,77,0,0,0
408,capture_0408.csv,CLOCK_TOO_FAST,0x06,0xAA,0xAA,500,0,8,0
409,capture_0409.csv,FRAME_LENGTH_ERROR,0x06,0xAA,0xAA,100,0,9,0
410,capture_0410.csv,WRONG_RESPONSE,0x06,0xAA,0x33,100,0,8,0
411,capture_0411.csv,FRAME_LENGTH_ERROR,0x06,0xAA,0xAA,250,0,7,0
412,capture_0412.csv,FRAME_LENGTH_ERROR,0x0A,0xAA,0xAA,100,0,7,0
413,capture_0413.csv,GLITCHED_CLOCK,0x0A,0xAA,0xAA,100,0,8,1
414,capture_0414.csv,CLOCK_TOO_SLOW,0x06,0xAA,0xAA,20,0,8,0
415,capture_0415.csv,GLITCHED_CLOCK,0x0A,0xAA,0xAA,100,0,8,1
416,capture_0416.csv,CLOCK_TOO_FAST,0x05,0xAA,0xAA,500,0,8,0
417,capture_0417.csv,MISSING_ACK,0x0A,0xAA,,250,0,0,0
418,capture_0418.csv,CLOCK_TOO_SLOW,0x05,0xAA,0xAA,5,0,8,0
419,capture_0419.csv,WRONG_RESPONSE,0x06,0xAA,0x33,250,0,8,0
420,capture_0420.csv,DELAYED_RESPONSE,0x06,0xAA,0xAA,77,50,8,0
421,capture_0421.csv,NORMAL,0x06,0xAA,0xAA,250,0,8,0
422,capture_0422.csv,MISSING_ACK,0x06,0xAA,,250,0,0,0
423,capture_0423.csv,WRONG_RESPONSE,0x0A,0xAA,0x33,100,0,8,0
424,capture_0424.csv,FRAME_LENGTH_ERROR,0x06,0xAA,0xAA,100,0,7,0
425,capture_0425.csv,BIT_ORDER_ERROR,0x06,0xAA,0x55,100,0,8,0
426,capture_0426.csv,GLITCHED_CLOCK,0x05,0xAA,0xAA,250,0,8,1
427,capture_0427.csv,WRONG_RESPONSE,0x06,0xAA,0x33,77,0,8,0
428,capture_0428.csv,MISO_STUCK_LOW,0x06,0xAA,0xAA,77,0,8,0
429,capture_0429.csv,DELAYED_RESPONSE,0x0A,0xAA,0xAA,77,30,8,0
430,capture_0430.csv,WRONG_RESPONSE,0x06,0xAA,0x33,77,0,8,0
431,capture_0431.csv,NORMAL,0x06,0xAA,0xAA,77,0,8,0
432,capture_0432.csv,WRONG_RESPONSE,0x0A,0xAA,0x33,77,0,8,0
433,capture_0433.csv,GLITCHED_CLOCK,0x05,0xAA,0xAA,250,0,8,1
434,capture_0434.csv,GLITCHED_CLOCK,0x0A,0xAA,0xAA,77,0,8,1
435,capture_0435.csv,FRAME_LENGTH_ERROR,0x05,0xAA,0xAA,77,0,6,0
436,capture_0436.csv,GLITCHED_CLOCK,0x06,0xAA,0xAA,77,0,8,1
437,capture_0437.csv,MISO_STUCK_HIGH,0x06,0xAA,0xAA,77,0,8,0
438,capture_0438.csv,WRONG_RESPONSE,0x0A,0xAA,0x33,100,0,8,0
439,capture_0439.csv,WRONG_RESPONSE,0x06,0xAA,0x33,100,0,8,0
440,capture_0440.csv,FRAME_LENGTH_ERROR,0x05,0xAA,0xAA,250,0,7,0
441,capture_0441.csv,CLOCK_TOO_SLOW,0x05,0xAA,0xAA,5,0,8,0
442,capture_0442.csv,CLOCK_TOO_SLOW,0x0A,0xAA,0xAA,5,0,8,0
443,capture_0443.csv,MISO_STUCK_HIGH,0x06,0xAA,0xAA,77,0,8,0
444,capture_0444.csv,BIT_ORDER_ERROR,0x06,0xAA,0x55,250,0,8,0
445,capture_0445.csv,NORMAL,0x05,0xAA,0xAA,100,0,8,0
446,capture_0446.csv,BIT_ORDER_ERROR,0x06,0xAA,0x55,250,0,8,0
447,capture_0447.csv,CLOCK_TOO_FAST,0x06,0xAA,0xAA,1000,0,8,0
448,capture_0448.csv,DELAYED_RESPONSE,0x06,0xAA,0xAA,250,50,8,0
449,capture_0449.csv,BIT_ORDER_ERROR,0x0A,0xAA,0x55,250,0,8,0
450,capture_0450.csv,FRAME_LENGTH_ERROR,0x0A,0xAA,0xAA,100,0,10,0
451,capture_0451.csv,WRONG_RESPONSE,0x0A,0xAA,0x33,77,0,8,0
452,capture_0452.csv,BIT_ORDER_ERROR,0x0A,0xAA,0x55,100,0,8,0
453,capture_0453.csv,MISO_STUCK_LOW,0x06,0xAA,0xAA,100,0,8,0
454,capture_0454.csv,CLOCK_TOO_SLOW,0x05,0xAA,0xAA,5,0,8,0
455,capture_0455.csv,GLITCHED_CLOCK,0x0A,0xAA,0xAA,250,0,8,1
456,capture_0456.csv,GLITCHED_CLOCK,0x0A,0xAA,0xAA,250,0,8,1
457,capture_0457.csv,NORMAL,0x05,0xAA,0xAA,250,0,8,0
458,capture_0458.csv,CLOCK_TOO_FAST,0x0A,0xAA,0xAA,750,0,8,0
459,capture_0459.csv,MISO_STUCK_LOW,0x05,0xAA,0xAA,100,0,8,0
460,capture_0460.csv,MISO_STUCK_LOW,0x05,0xAA,0xAA,100,0,8,0
461,capture_0461.csv,BIT_ORDER_ERROR,0x05,0xAA,0x55,250,0,8,0
462,capture_0462.csv,DELAYED_RESPONSE,0x0A,0xAA,0xAA,77,30,8,0
463,capture_0463.csv,CLOCK_TOO_SLOW,0x06,0xAA,0xAA,20,0,8,0
464,capture_0464.csv,CLOCK_TOO_FAST,0x06,0xAA,0xAA,750,0,8,0
465,capture_0465.csv,WRONG_RESPONSE,0x0A,0xAA,0x33,250,0,8,0
466,capture_0466.csv,DELAYED_RESPONSE,0x0A,0xAA,0xAA,250,30,8,0
467,capture_0467.csv,WRONG_RESPONSE,0x0A,0xAA,0x33,100,0,8,0
468,capture_0468.csv,DELAYED_RESPONSE,0x0A,0xAA,0xAA,250,30,8,0
469,capture_0469.csv,BIT_ORDER_ERROR,0x06,0xAA,0x55,100,0,8,0
470,capture_0470.csv,CLOCK_TOO_SLOW,0x0A,0xAA,0xAA,10,0,8,0
471,capture_0471.csv,CLOCK_TOO_FAST,0x0A,0xAA,0xAA,500,0,8,0
472,capture_0472.csv,BIT_ORDER_ERROR,0x05,0xAA,0x55,100,0,8,0
473,capture_0473.csv,MISO_STUCK_LOW,0x06,0xAA,0xAA,100,0,8,0
474,capture_0474.csv,CLOCK_TOO_FAST,0x0A,0xAA,0xAA,750,0,8,0
475,capture_0475.csv,CLOCK_TOO_FAST,0x06,0xAA,0xAA,1000,0,8,0
476,capture_0476.csv,SPI_TIMEOUT,0x06,0xAA,,250,0,0,0
477,capture_0477.csv,MISSING_ACK,0x05,0xAA,,77,0,0,0
478,capture_0478.csv,BIT_ORDER_ERROR,0x0A,0xAA,0x55,100,0,8,0
479,capture_0479.csv,GLITCHED_CLOCK,0x0A,0xAA,0xAA,250,0,8,1
480,capture_0480.csv,WRONG_RESPONSE,0x0A,0xAA,0x33,250,0,8,0
481,capture_0481.csv,NORMAL,0x06,0xAA,0xAA,100,0,8,0
482,capture_0482.csv,DELAYED_RESPONSE,0x05,0xAA,0xAA,250,80,8,0
483,capture_0483.csv,DELAYED_RESPONSE,0x0A,0xAA,0xAA,250,50,8,0
484,capture_0484.csv,GLITCHED_CLOCK,0x0A,0xAA,0xAA,77,0,8,1
485,capture_0485.csv,MISSING_ACK,0x05,0xAA,,250,0,0,0
486,capture_0486.csv,GLITCHED_CLOCK,0x0A,0xAA,0xAA,100,0,8,1
487,capture_0487.csv,GLITCHED_CLOCK,0x05,0xAA,0xAA,77,0,8,1
488,capture_0488.csv,DELAYED_RESPONSE,0x05,0xAA,0xAA,77,50,8,0
489,capture_0489.csv,CLOCK_TOO_FAST,0x05,0xAA,0xAA,750,0,8,0
490,capture_0490.csv,CLOCK_TOO_SLOW,0x0A,0xAA,0xAA,20,0,8,0
491,capture_0491.csv,MISSING_ACK,0x06,0xAA,,77,0,0,0
492,capture_0492.csv,FRAME_LENGTH_ERROR,0x06,0xAA,0xAA,77,0,10,0
493,capture_0493.csv,FRAME_LENGTH_ERROR,0x0A,0xAA,0xAA,250,0,7,0
494,capture_0494.csv,MISO_STUCK_HIGH,0x05,0xAA,0xAA,250,0,8,0
495,capture_0495.csv,MISO_STUCK_HIGH,0x05,0xAA,0xAA,77,0,8,0
496,capture_0496.csv,MISSING_ACK,0x05,0xAA,,100,0,0,0
497,capture_0497.csv,NORMAL,0x06,0xAA,0xAA,77,0,8,0
498,capture_0498.csv,MISO_STUCK_LOW,0x0A,0xAA,0xAA,100,0,8,0
499,capture_0499.csv,FRAME_LENGTH_ERROR,0x0A,0xAA,0xAA,250,0,9,0
500,capture_0500.csv,MISSING_ACK,0x0A,0xAA,,250,0,0,0
